,grapheme,phoneme,count,relative_freq,relative_freq_log,softmax
0,a,eɪ,7736,0.6041861918150578,0.47261658239279564,0.5550169550554142
1,a,ə,25074,0.2849836333878887,0.2507459816029496,0.27994505884451654
2,a,ɑ,13221,0.5691102406267488,0.4505087329950527,0.551044580127769
3,a,æ,20170,0.9895015698587127,0.6878841399565193,0.9849835298495425
4,a,i,42,0.0013118031046006808,0.0013109434426307417,0.0014348371779049891
5,a,ɔ,1585,0.13063545701804993,0.12277982600739364,0.14860185826501424
6,a,ɛ,1512,0.05870476782109023,0.05704624382460167,0.07586995564717677
7,a,ɪ,155,0.0032588356495595315,0.003253537152830106,0.004105042176879789
8,s,z,21007,0.8051435360852401,0.5906401100000515,0.7615404603613589
9,s,s,36302,0.7696972266983292,0.5708084735910616,0.7182040518804249
10,s,ʒ,103,0.206,0.18730909830499368,0.207851207502086
11,s,ʃ,241,0.028366290018832393,0.027971416816374536,0.03140536272597288
12,aa,ɑ,203,0.008738323791485515,0.008700365607136128,0.01064194534270007
13,aa,ɛ,7,0.0002717813325050474,0.00027174440664905496,0.00036141268377324454
14,aa,æ,4,0.00019623233908948196,0.00019621308804234467,0.00028095815681234337
15,aa,eɪ,2,0.00015620118712902218,0.00015618898899379677,0.00018342043067053017
16,b,b,18598,0.9632775677215518,0.6746153050545876,0.9487536244189517
17,e,ə,30595,0.3477336788507001,0.29842442535288755,0.3331756017862837
18,e,ɛ,22510,0.8739711135269452,0.6280597693574844,0.8353024432500599
19,e,i,6360,0.19864447012524597,0.18119131007674438,0.19831521296579174
20,e,ɪ,8822,0.18548031032525283,0.170148017634028,0.21467859621415664
21,e,eɪ,1176,0.09184629803186505,0.08787011469804759,0.10319020812424161
22,e,æ,6,0.0002943485086342229,0.0002943051966109338,0.0004214165650471672
23,r,r,68128,0.9472484079975529,0.6664173032530998,0.9273758162057576
24,g,ɡ,11890,0.9273124317579161,0.6561265100512151,0.9015087436485523
25,g,ʒ,73,0.146,0.13627761829254775,0.15122312676713823
26,ch,k,1786,0.04725367763784528,0.04617119254840944,0.05317684303685879
27,ch,h,48,0.00557815223707147,0.005562651961099036,0.007911846775960603
28,ch,ʃ,365,0.042961393596986815,0.04206416056558233,0.047228219757260825
29,n,n,51912,0.8938478227181156,0.6386106445021608,0.8588300881933265
30,n,ŋ,2209,0.23363299841353782,0.2099634731558816,0.2691568330166459
31,k,k,10624,0.2810879458143719,0.24770967458953305,0.2852951755696582
32,l,l,37010,0.8282977485340853,0.603385341898348,0.787761231837589
33,l,r,4,5.561580601206863e-05,5.561425951049976e-05,7.739192703200362e-05
34,l,j,29,0.01287172658677319,0.01278958998977659,0.014993698719377484
35,i,i,10409,0.32510853609020207,0.28149437011375583,0.308097645158237
36,i,ɪ,35794,0.7525597628408637,0.5610774408235474,0.707920780026423
37,i,j,714,0.3169107856191744,0.27528867985857736,0.32273087174444837
38,i,ə,5298,0.060215493726132024,0.05847218343019989,0.06528120102460745
39,i,aɪ,7226,0.6331931300385559,0.49053707401221014,0.5847864133656778
40,i,ɑ,40,0.0017218372002927123,0.0017203565380165154,0.0021042725184459046
41,i,æ,31,0.001520800627943485,0.0015196453817862233,0.0021759851482634316
42,yah,ɑ,1,4.3045930007317805e-05,4.3045003557909615e-05,5.2650956962530424e-05
43,th,θ,2799,0.9827949438202247,0.6845074371409704,0.9755855783889195
44,th,ð,589,0.9188767550702028,0.6517399914457932,0.8931119505283046
45,th,t,122,0.0025715610640360863,0.002568260258487313,0.0033646694887581297
46,m,m,24427,0.918446382914724,0.6515156829151807,0.8898370924967831
47,o,ə,14294,0.1624613566102928,0.1505396163013047,0.16806977912264956
48,o,ɔ,8246,0.6796340558806561,0.5185759458075386,0.6276385274719075
49,o,oʊ,15792,0.8544067521506249,0.6175648347478347,0.8115501579787625
50,o,ɑ,9308,0.40067151650811417,0.3369517762723461,0.41214617271656745
51,o,u,248,0.03493941955480417,0.03434289317317074,0.03953889247311174
52,o,aʊ,89,0.02652757078986587,0.026181816141839166,0.030176474098279678
53,o,w,101,0.011899151743638077,0.011828913472405583,0.014628483889759219
54,o,ɪ,118,0.002480920042890482,0.0024778476413002295,0.0031263417620947306
55,o,ʊ,69,0.036760788492274904,0.03610122615944158,0.04287650049539665
56,o,æ,9,0.0004415227629513344,0.00044142532045718093,0.0006320783472873248
57,dt,t,186,0.0039205767041861645,0.003912911272083589,0.005126292448706849
58,c,k,18722,0.49534342258440045,0.4023558945656829,0.4634061861807227
59,c,ʃ,152,0.017890772128060263,0.01773261583732421,0.0199095825609194
60,c,s,3859,0.08182088033245696,0.07864562174096228,0.09895368903980271
61,d,d,27996,0.8655166017436469,0.6235380129928118,0.8269189348512724
62,d,t,31,0.000653429450697694,0.0006532160586268808,0.0008557762535029177
63,v,v,9035,0.8549394398183194,0.617852048528263,0.8187174340958437
64,v,f,44,0.003330053734957996,0.0033245213846328746,0.004195761632378191
65,gh,ɡ,224,0.017469973483075964,0.017319127808838607,0.023796241902824606
66,gh,f,62,0.004692348444713539,0.004681373695922613,0.005908197261406889
67,gh,p,2,0.00010645659232447969,0.00010645092622365624,0.00014556990230952293
68,t,t,40229,0.8479617216812108,0.6140832596289992,0.8045084996361702
69,t,s,41,0.0008693070986345517,0.0008689294700529538,0.0010933065906751707
70,t,d,27,0.0008347245409015025,0.0008343763521195829,0.0011065269317714712
71,se,s,610,0.012933593418709186,0.012850668743341065,0.016169000265144638
72,se,z,412,0.015790885746042697,0.01566750685611773,0.02020086374411925
73,ck,k,3206,0.08482379087734152,0.08141756908200387,0.09377122514167062
74,u,ə,10866,0.12349972722313148,0.11644856985116706,0.13000887005625014
75,u,u,3891,0.5481825866441251,0.4370817182404822,0.5032111584871984
76,u,w,1467,0.17283223374175305,0.1594215362044777,0.19715212047904193
77,u,ʊ,778,0.4144912093766649,0.3467698970895304,0.41184971387625247
78,u,ɔ,36,0.002967114481167065,0.002962721284927123,0.003585816194551122
79,u,ɛ,77,0.0029895946575555212,0.0029851347062007936,0.003970148121525049
80,u,ɪ,106,0.0022286230893761956,0.0022261433924620814,0.002808762306553041
81,u,f,4,0.0003027321577234542,0.00030268634358974334,0.0003820097993500899
82,ie,i,2585,0.08073835774744667,0.07764447212492764,0.08498244214112465
83,ie,ə,83,0.0009433533369703583,0.0009429086588481652,0.0010527092729415398
84,ie,aɪ,164,0.014370837714686295,0.014268555977929158,0.01701004494113507
85,ie,ɪ,220,0.004625444147761916,0.004614779653683186,0.005822544580103463
86,ie,ɛ,43,0.0016695138996738624,0.0016681218105359834,0.002218556723359112
87,ie,eɪ,3,0.00023430178069353328,0.00023427433631815543,0.00027511990403008066
88,ai,ɛ,388,0.01506445100170834,0.01495210900165536,0.019885899065945484
89,ai,eɪ,1584,0.12371134020618557,0.11663690372576088,0.13697246682546807
90,ai,aɪ,229,0.020066596565019277,0.019867915914850386,0.023685237883991267
91,ai,ə,76,0.0008637934169849063,0.0008634205621488106,0.0009639648800476373
92,ai,ɪ,19,0.00039947017639762,0.0003993904094290257,0.0005039175514935484
93,ai,æ,6,0.0002943485086342229,0.0002943051966109338,0.0004214165650471672
94,ed,d,2739,0.08467816731589686,0.08128332300666544,0.10779570368008753
95,ed,t,855,0.018022005817629947,0.017861534611421943,0.02340033893794163
96,ng,ŋ,7220,0.7636171337916446,0.5673668896912666,0.7273201995207526
97,ng,n,442,0.00761058594624378,0.007581771541014135,0.010196280906509054
98,sh,ʃ,3506,0.4126647834274953,0.3454778380677381,0.3878908562097113
99,sh,s,9,0.00019082350945636502,0.0001908053049662961,0.00024007552355512183
100,sh,z,1,3.832739258748227e-05,3.832665811172289e-05,4.941638803113341e-05
101,te,t,2407,0.05073563509126934,0.049490523709252596,0.06483737563468808
102,bb,b,424,0.021960946806857617,0.02172327853364394,0.030550802937074496
103,ll,l,6238,0.13960879101204066,0.13068503773264234,0.17061834147829166
104,ll,j,4,0.001775410563692854,0.0017738363852913064,0.002079532522918042
105,h,h,8432,0.9798954096455549,0.6830440198999024,0.9715041790276762
106,h,j,70,0.031069684864624945,0.030596792338164782,0.03586972580548016
107,h,θ,6,0.002106741573033708,0.002104525504915443,0.0029994483924421288
108,au,aʊ,614,0.18301043219076005,0.16806240337728312,0.19370431504576904
109,au,ɔ,1067,0.08794197642792384,0.08428781652258925,0.10201452935438331
110,au,ɑ,183,0.007877405191339159,0.007846540418652868,0.009597579921940429
111,au,oʊ,103,0.005572688416382622,0.005557218434604309,0.00730281461114465
112,au,ə,50,0.0005682851427532278,0.0005681237299010292,0.0006342810759374458
113,au,æ,24,0.0011773940345368916,0.0011767014497575208,0.0016849226203041962
114,tt,t,2449,0.05162092660511783,0.05033271345223413,0.06594072570312082
115,bbe,b,19,0.0009840990314393743,0.0009836151234371027,0.0013833193620158585
116,lle,l,410,0.009175954523074169,0.00913411122572128,0.011925212979615216
117,ey,i,1811,0.056563700534091266,0.05502185018357285,0.06022181710759445
118,ey,eɪ,248,0.01936894720399875,0.019183756623457657,0.02252843125767968
119,ey,aɪ,85,0.007448300035050824,0.007420698420349695,0.008846474290741646
120,ey,ɪ,12,0.0002522969535142863,0.0002522651319901907,0.00031828713118431536
121,ow,aʊ,800,0.23845007451564829,0.21386065788376646,0.24649018113596738
122,ow,oʊ,992,0.05367094086457826,0.05228020105626871,0.06870210711349947
123,ts,s,300,0.006360783648545501,0.006340639241915244,0.007977934816570432
124,ts,z,57,0.0021846613774864896,0.002182278474745337,0.002813715706327671
125,st,t,61,0.0012857805320180432,0.0012849546241115858,0.0016834149124487113
126,st,s,164,0.003477228394538207,0.0034711968139623044,0.004367537855522801
127,ou,aʊ,1651,0.49210134128166916,0.4001854225859373,0.46124321451771305
128,ou,u,527,0.07424626655395886,0.07161926826917067,0.08245509581324069
129,ou,ə,679,0.007717312238588834,0.007687686109597012,0.008582908194864536
130,ou,ɔ,248,0.020440121981373113,0.020234026368818398,0.024489478576135513
131,ou,ʊ,132,0.07032498668087374,0.06796232822842559,0.08071711434633093
132,ou,oʊ,73,0.003949575285397392,0.00394179618895381,0.005179966766034786
133,ou,w,2,0.000235626767200754,0.0002355990115739744,0.00029135865718292323
134,ti,ʃ,2414,0.2841337099811676,0.2500843353453964,0.28078625102065874
135,ti,ʒ,2,0.004,0.003992021269537457,0.004429824545395559
136,y,i,6348,0.1982696692382172,0.18087857389322545,0.19797292092755658
137,y,ɪ,1616,0.03397598973992389,0.033411555062205854,0.04215591717039123
138,y,ə,165,0.0018753409710856519,0.0018735847145837914,0.0020917614703986802
139,y,aɪ,1476,0.12933753943217666,0.12163121252341977,0.1450008252039247
140,y,j,1144,0.5077674212161563,0.4106300277283395,0.48139642676660144
141,ah,ə,148,0.0016821240225495544,0.0016807108364834432,0.0018764276540431685
142,ah,ɑ,242,0.010417115061770909,0.010363230807922407,0.012675896716482688
143,ah,æ,32,0.0015698587127158557,0.001568627772626434,0.0022461231924888886
144,ee,i,1836,0.05734453571540119,0.05576060998726994,0.061030395111355794
145,ee,ɪ,167,0.003511132603073818,0.0035049829675821947,0.004422295561817891
146,ee,eɪ,12,0.0009372071227741331,0.0009367682183868799,0.0011000931061908013
147,z,z,3794,0.14541412747690774,0.13576625500047976,0.1750499070146015
148,z,s,757,0.01605037740649648,0.015922931988553407,0.02003459093739453
149,z,j,1,0.0004438526409232135,0.00044375416747713154,0.0005202290533112324
150,z,ʒ,16,0.032,0.031498667059371016,0.034953112487552354
151,be,b,174,0.009012275340550059,0.008971907145387464,0.012617753197057803
152,le,l,815,0.018240007161720605,0.018075653760661087,0.02359901423519667
153,f,f,10142,0.7675773859078181,0.5696099005219916,0.7188846421864274
154,f,v,5,0.00047312641937925814,0.0004730145303653722,0.0006267928438746174
155,rr,r,2070,0.028781179611245516,0.02837478079894124,0.03948589776199691
156,x,k,614,0.016245105302148375,0.016114565437433972,0.018559661762583956
157,x,z,50,0.0019163696293741136,0.0019145357356675206,0.0024685022246768674
158,x,h,1,0.00011621150493898897,0.00011620475290506539,0.0001652798352391602
159,x,ʃ,5,0.0005885122410546139,0.0005883391356388893,0.0006605673242053364
160,ce,s,1080,0.022898821134763804,0.022640578006569607,0.02848688415386508
161,ce,ʃ,1,0.00011770244821092278,0.0001176955218211939,0.00013214455950809917
162,de,d,961,0.02971001051134607,0.029277219407951294,0.03882664181455314
163,idj,ɪ,2,4.204949225238105e-05,4.2048608197277244e-05,5.3053431395049384e-05
164,ne,n,1989,0.03424763675809701,0.03367424137547962,0.045286516814783025
165,ae,eɪ,85,0.006638550452983442,0.006616612315025776,0.007770214073478393
166,ae,ɛ,131,0.005086193508308743,0.005073302518342969,0.0067473546239935804
167,ae,ə,24,0.00027277686852154935,0.00027273967167570136,0.00030449988848630944
168,ae,i,46,0.0014367367336102696,0.001435705614902074,0.001571390287177086
169,ae,aɪ,16,0.0014020329477742728,0.0014010510172729924,0.0016702419505870288
170,qu,k,31,0.000820192612974918,0.0008198564388195708,0.0009442549510532023
171,bj,b,47,0.0024343502356658207,0.0024313920050711407,0.003419418385427602
172,kh,k,128,0.0033866017567996615,0.0033808801353331606,0.003893868067075491
173,ze,z,342,0.013107968264918937,0.013022802276964533,0.016790920009129857
174,oo,u,1237,0.17427444350521273,0.16065046197845267,0.18495650060385746
175,oo,ʊ,897,0.4778902503995738,0.39061556428826816,0.46392408838821103
176,oo,ɔ,41,0.003379213714662491,0.003373517001996671,0.004083007051623747
177,oo,ə,55,0.0006251136570285507,0.0006249183548729094,0.000697689368776936
178,oo,oʊ,6,0.00032462262619704593,0.00032456994767243475,0.0004265216824016171
179,oa,ɔ,173,0.01425863347894173,0.014157935248562499,0.017135514485950156
180,oa,oʊ,460,0.024887734675106854,0.0245830794455984,0.03230495145635363
181,oa,ə,3,3.409710856519367e-05,3.4096527272085904e-05,3.8067028123674105e-05
182,ve,v,1413,0.13370552611657835,0.12549149443773774,0.1662891214355465
183,p,p,17249,0.9181348805024752,0.6513532975040316,0.8907149918774172
184,w,w,6045,0.7121819038642789,0.5377685243323513,0.6650431768705443
185,w,v,94,0.008894776684330053,0.008855451180545175,0.011734382503977903
186,w,u,13,0.0018315018315018315,0.0018298266770761572,0.0021066751675384784
187,ss,z,159,0.006094055421409682,0.006075561761894973,0.007833511511954315
188,ss,s,3513,0.07448477652446782,0.07184126903772359,0.09039229952302649
189,ss,ʃ,69,0.008121468926553672,0.008088667276500172,0.009081682613927756
190,si,ʒ,194,0.388,0.3278638620846127,0.3638205524839011
191,si,ʃ,49,0.005767419962335217,0.005750852067971184,0.006456862602409119
192,ea,ɛ,701,0.027216959155148313,0.026853163898216365,0.03571397899935737
193,ea,i,1772,0.055345597651247774,0.05386829399726617,0.058959241431870715
194,ea,ə,268,0.0030460083651573013,0.0030413786806663063,0.0033955436824339193
195,ea,ɪ,276,0.005802829930828585,0.005786058363648823,0.007300366494971685
196,ea,eɪ,95,0.007419556388628554,0.007392166875382447,0.008680986032407993
197,ea,æ,10,0.0004905808477237048,0.0004904605522812071,0.0007022920546887962
198,eu,u,190,0.026768103691180614,0.026416105733352513,0.030412800659594064
199,eu,ə,93,0.0010570103655210038,0.0010564521234083977,0.0011794747415824565
200,eu,aɪ,1,8.762705923589205e-05,8.76232202093291e-05,0.00010445870738098194
201,zz,z,202,0.007742133302671419,0.0077123167853855165,0.009943857817571195
202,sc,s,314,0.006657620218810958,0.00663555614068433,0.008349005887627643
203,sc,ʃ,184,0.021657250470809793,0.021426064172675677,0.02405646169267115
204,re,r,1254,0.017435555184783517,0.01728529990104563,0.024053950919106677
205,the,θ,33,0.011587078651685394,0.011520462552662106,0.016419393731776356
206,the,ð,52,0.0811232449297972,0.07800054226923317,0.10688804947169545
207,ci,ʃ,259,0.030484934086629,0.030029501238232045,0.0337161104515322
208,me,m,603,0.022672582343209506,0.022419379380022354,0.030620284186925115
209,cc,k,277,0.007328817864324267,0.007302092575757516,0.00841005417684508
210,cc,s,4,8.481044864727334e-05,8.480685244450579e-05,0.00010670588800071933
211,nt,n,755,0.01299998278147976,0.012916208268994096,0.017370252723286763
212,ssi,ʃ,179,0.02106873822975518,0.02084986133333988,0.023409520592337512
213,ssi,ʒ,2,0.004,0.003992021269537457,0.004429824545395559
214,mm,m,922,0.0346668671980749,0.034079507465416325,0.04654563294786635
215,gl,l,179,0.0040060874625128685,0.0039980844608305385,0.005219775359384166
216,ue,u,251,0.03536207382361228,0.0347511953224294,0.04000896978123703
217,ue,ɛ,105,0.004076719987575711,0.004068432680365973,0.0054109050187766015
218,ue,ə,71,0.0008069649027095836,0.0008066394815896727,0.0009005717088519633
219,ue,i,5,0.00015616703626198582,0.0001561548434597635,0.00017091261729520189
220,ue,eɪ,21,0.0016401124648547328,0.0016387689492165004,0.0019244871765366296
221,ue,ɪ,9,0.00018922271513571474,0.0001892048147757677,0.0002387228755164648
222,ph,f,1176,0.08900325437069553,0.08526283234920072,0.10760722499553896
223,ph,p,14,0.0007451961462713578,0.0007449186254862888,0.0010186640491295733
224,ph,v,7,0.0006623769871309614,0.0006621577123175185,0.0008774269899836285
225,nn,n,1771,0.03049399934569623,0.030038298280181785,0.04039674969911762
226,ff,f,1479,0.11193521531824718,0.106101934525341,0.13390752366951297
227,cq,k,49,0.0012964334850248704,0.0012955938407513575,0.001492176972403745
228,sce,s,7,0.00014841828513272834,0.00014840727222877295,0.00018672936575848172
229,ei,i,618,0.019302245681981446,0.01911832035077764,0.02092514133435434
230,ei,aɪ,1723,0.15098142306344198,0.1406149897862495,0.16763205045844395
231,ei,ɪ,73,0.0015348064672119084,0.0015336298555262212,0.0019350064083887661
232,ei,eɪ,228,0.01780693533270853,0.01765024919212746,0.020727557871514063
233,ei,ɛ,43,0.0016695138996738624,0.0016681218105359834,0.002218556723359112
234,ei,ə,51,0.0005796508456082924,0.000579482912948513,0.0006469630226084352
235,ay,eɪ,1381,0.10785691971258982,0.10242744615319804,0.12028560020097372
236,ay,aɪ,92,0.008061689449702068,0.008029367627437334,0.009572090154243233
237,ay,i,80,0.002498672580191773,0.002495556088176275,0.002731404375216097
238,ay,ɛ,8,0.00031060723714862557,0.0003105590087071891,0.0004130350508070484
239,dd,d,549,0.016972732331663885,0.016830304840374608,0.02231988661769884
240,ds,z,45,0.0017247326664367024,0.001723247023031201,0.0022218645652687012
241,q,k,1244,0.03291353582389671,0.03238348462451232,0.03729709768831918
242,ieu,u,11,0.0015497323189630882,0.0015485327230412838,0.0017828220970985647
243,nne,n,125,0.002152315030046318,0.002150002118200863,0.002891412043765328
244,eo,oʊ,14,0.0007574527944597738,0.0007571660718686554,0.000995001999250931
245,eo,ɔ,11,0.0009066183136899365,0.0009062075835380904,0.0010967936286169608
246,eo,i,2,6.246681450479433e-05,6.246486353462536e-05,6.83682496114271e-05
247,eo,ə,5,5.6828514275322786e-05,5.6826899596397816e-05,6.344432580640761e-05
248,eo,ɛ,23,0.0008929958068022985,0.0008925973232585375,0.0011871302085135456
249,sch,ʃ,938,0.11040489642184557,0.10472472036248692,0.1175813814134234
250,sch,s,16,0.00033924179458909336,0.0003391842651020787,0.000426769266401815
251,fe,f,157,0.011882237190645576,0.011812197681771927,0.014907759672214676
252,ght,t,626,0.013195059230217951,0.013108762732208293,0.017173747814175737
253,pe,p,339,0.01804439239899931,0.017883524642188953,0.02445542774934417
254,ag,æ,81,0.003973704866562009,0.003965830554613485,0.005678685626790687
255,ag,ɑ,10,0.00043045930007317806,0.00043036667904749646,0.0005264076111912226
256,gg,ɡ,524,0.04086725939790984,0.0400542689163492,0.055034011117338716
257,eh,ɛ,200,0.007765180928715639,0.007735187082984905,0.010287588832546194
258,eh,ə,14,0.0001591198399709038,0.00015910718175188453,0.00017763502758200356
259,eh,eɪ,17,0.0013277100905966885,0.0013268294629469157,0.0015581612576398528
260,ew,u,491,0.06917441532826148,0.06688677619747097,0.07700658877543037
261,ew,oʊ,4,0.00021641508413136395,0.0002163916697650502,0.00028436316950401037
262,pp,p,1145,0.060946399105764625,0.059161339133996196,0.08090216462881787
263,ui,ə,22,0.0002500454628114203,0.00025001420665483876,0.00027912806955679106
264,ui,ɪ,137,0.002880390219288102,0.002876249844072565,0.0036290124767412927
265,ui,i,70,0.0021863385076678014,0.002183951947551792,0.0023903513662015207
266,ui,aɪ,43,0.003767963547143358,0.003760882554205183,0.004483479713316133
267,ui,u,139,0.01958298112144266,0.019393701659685996,0.022327923297300267
268,hn,n,349,0.00600926356388932,0.00599127994915648,0.008057321830481263
269,j,j,291,0.12916111850865514,0.12147498402776839,0.14240951538786328
270,j,h,48,0.00557815223707147,0.005562651961099036,0.007911846775960603
271,j,ʒ,67,0.134,0.12575120530556025,0.1395422865420232
272,hw,w,127,0.01496229971724788,0.014851468668210884,0.01836639270876371
273,aie,aɪ,4,0.0003505082369435682,0.00035044682328165316,0.0004177799226999351
274,gn,n,194,0.003340392926631885,0.0033348262074212854,0.004484812632682868
275,ke,k,720,0.019049634881998095,0.018870462457658114,0.02173371673455705
276,ais,aɪ,1,8.762705923589205e-05,8.76232202093291e-05,0.00010445870738098194
277,ais,eɪ,30,0.0023430178069353325,0.002340277220706864,0.00274830292759967
278,sle,l,17,0.00038046640705429477,0.00038039404806377165,0.0004966306986239106
279,kk,k,72,0.0019049634881998095,0.00190315134626529,0.002191920434145732
280,augh,ɔ,135,0.011126679304376493,0.011065233182269141,0.013392381032710317
281,ar,ɑ,21,0.0009039645301536739,0.0009035562002763569,0.0011051944402786867
282,ar,æ,2,9.811616954474098e-05,9.81113564682655e-05,0.00014048596936476444
283,lh,l,13,0.00029094489951210777,0.00029090258325241604,0.0003797934112994524
284,ld,d,24,0.0007419773696902244,0.0007417022405662503,0.0009836250781280218
285,eg,eɪ,3,0.00023430178069353328,0.00023427433631815543,0.00027511990403008066
286,er,eɪ,31,0.0024211184004998437,0.0024181922154871186,0.0028398023475674507
287,lm,m,193,0.00725673033538878,0.00723052695866998,0.009875420123939103
288,ln,n,35,0.000602648208412969,0.0006024666889059944,0.0008102221972357461
289,oe,oʊ,496,0.02683547043228913,0.026481714054239203,0.03479997243211166
290,oe,i,11,0.0003435674797763688,0.0003435084739842774,0.0003759725350232984
291,oe,u,28,0.0039447731755424065,0.003937012959339599,0.004532673798903587
292,oe,ə,9,0.00010229132569558102,0.00010228609429470569,0.00011419719073165126
293,oe,ɪ,2,4.204949225238105e-05,4.2048608197277244e-05,5.3053431395049384e-05
294,oe,ɛ,8,0.00031060723714862557,0.0003105590087071891,0.0004130350508070484
295,al,ɔ,5,0.0004120992334954257,0.0004120143439275259,0.0004986657754001384
296,al,æ,1,4.905808477237049e-05,4.905688146380476e-05,7.024470759084995e-05
297,al,eɪ,2,0.00015620118712902218,0.00015618898899379677,0.00018342043067053017
298,ough,oʊ,54,0.0029216036357734136,0.0029173440464087567,0.0038337205885567625
299,ough,aʊ,64,0.019076005961251863,0.018896340233519066,0.02177942578619805
300,ough,u,7,0.0009861932938856016,0.0009857073247591282,0.0011348425342934353
301,ough,ə,3,3.409710856519367e-05,3.4096527272085904e-05,3.8067028123674105e-05
302,mb,m,129,0.004850353436607008,0.004838628370900511,0.006608576146577721
303,mh,m,4,0.00015039855617386073,0.00015038724744495015,0.00020539820379493527
304,tte,t,344,0.0072509590658066695,0.007224797251493988,0.009465183598208726
305,gue,ɡ,79,0.006161285290906255,0.006142382177934027,0.00843954809843963
306,que,k,94,0.002487035665149751,0.002483948110130049,0.0028608426915894764
307,sw,s,14,0.0002968365702654567,0.0002967925230069765,0.00037343102363286755
308,ct,t,14,0.0002950971712828296,0.0002950536386765047,0.00038654882125794697
309,kn,n,274,0.004717874545861528,0.004706780256372501,0.006329873354739119
310,wh,w,716,0.08435438265786993,0.08098477086143738,0.10015158354366215
311,wh,h,76,0.008832074375363161,0.008793299746168175,0.012506847585163386
312,ao,aʊ,89,0.02652757078986587,0.026181816141839166,0.030176474098279678
313,aou,aʊ,3,0.0008941877794336811,0.0008937882317040113,0.0010301568568523553
314,rt,r,70,0.0009732766052112011,0.0009728032786297297,0.0013537377107752735
315,chi,ʃ,10,0.0011770244821092278,0.0011763323318587583,0.0013207462393069486
316,ps,s,99,0.0020990586040200154,0.0020968586585135046,0.002638314696505118
317,rre,r,49,0.0006812936236478408,0.0006810616485031051,0.0009477546562549703
318,ge,ʒ,20,0.04,0.03922071315328133,0.04352203209439686
319,aux,oʊ,51,0.0027592923226748903,0.0027554924639563365,0.0036210292727340155
320,eau,oʊ,191,0.010333820267272628,0.010280791361190877,0.013510124579434542
321,wr,r,228,0.003170100942687912,0.0031650867668620774,0.004404484861741333
322,nd,n,87,0.0014980112609122372,0.0014968903613171397,0.002013080258046638
323,rrh,r,14,0.0001946553210422402,0.00019463637815352521,0.0002708529162918585
324,sche,ʃ,17,0.0020009416195856874,0.0019989424023369286,0.0022443450621696345
325,she,ʃ,11,0.0012947269303201507,0.001293889494164179,0.0014527354534205699
326,sth,z,2,7.665478517496454e-05,7.665184734702071e-05,9.883088216984396e-05
327,sth,s,3,6.3607836485455e-05,6.360581359286262e-05,8.00302643689771e-05
328,chm,m,119,0.004474357046172357,0.004464376869526066,0.006097425184937788
329,hu,w,8,0.000942507068803016,0.0009420631879009365,0.0011650229921363608
330,mn,m,19,0.0007143931418258385,0.0007141380845122218,0.000975366477626767
331,mn,n,8,0.00013774816192296433,0.0001377386755160028,0.00018523668507476688
332,ia,ɪ,22,0.0004625444147761916,0.00046243747408356717,0.0005834650861852092
333,ia,aɪ,31,0.0027164388363126535,0.0027127559843240397,0.0032339713478407688
334,aw,ɔ,495,0.04079782411604715,0.039987557626009265,0.04839740830343321
335,aw,aʊ,12,0.0035767511177347243,0.003570369755292294,0.00411511446945371
336,awe,ɔ,17,0.0014011373938844474,0.0014001567168215308,0.0016946260370933523
337,aye,aɪ,2,0.0001752541184717841,0.00017523876326285256,0.00020890826255584886
338,aye,eɪ,29,0.0022649172133708214,0.0022623561547073763,0.0026567963778998034
339,dh,d,45,0.0013912075681691708,0.001390240735526418,0.0018436989634208686
340,zh,z,12,0.00045992871104978727,0.00045982297625927283,0.0005928716914013618
341,zh,ʒ,19,0.038,0.03729578474369693,0.04138599760430652
342,cch,k,61,0.0016139273997248385,0.0016126264185038124,0.0018573135585345226
343,kt,t,22,0.0004637241263015893,0.0004636166394972321,0.0006073826654607404
344,gge,ɡ,23,0.001793791920137264,0.0017921849967812444,0.002462437380723925
345,lk,k,155,0.00410096306487459,0.004092577035225136,0.004713552208776924
346,et,eɪ,54,0.004217432052483599,0.004208563611878448,0.00494232375257724
347,owe,aʊ,32,0.009538002980625931,0.009492803411989624,0.010941156057703613
348,owe,oʊ,27,0.0014608018178867068,0.0014597358848628616,0.0019182583290245827
349,nh,n,40,0.0006887408096148217,0.0006885037365117392,0.0009259283881977497
350,sse,s,63,0.0013357645661945551,0.001334873226364995,0.001679567498167301
351,gne,n,12,0.0002066222428844465,0.00020660089944882104,0.00027784546064491916
352,ye,aɪ,38,0.0033298282509638976,0.0033242966489951445,0.0039630103764206484
353,sne,n,7,0.0001205296416825938,0.00012052237856897753,0.00016208349470334303
354,oup,u,5,0.0007044237813468582,0.0007041757913682694,0.0008107159392974288
355,lf,f,50,0.003784151971543177,0.0037770100801359807,0.0047668317167676305
356,oss,ɔ,3,0.00024725954009725544,0.0002472289764952063,0.00029922411945699313
357,tm,m,79,0.0029703714844337495,0.002965968647608596,0.004050906197707361
358,ua,ə,18,0.00020458265139116204,0.0002045617272143694,0.00022838270187333263
359,ua,æ,8,0.0003924646781789639,0.0003923876840615075,0.0005618611967719169
360,eye,aɪ,78,0.006834910620399579,0.006811658509410707,0.008120416498205262
361,eye,eɪ,3,0.00023430178069353328,0.00023427433631815543,0.00027511990403008066
362,eye,i,2,6.246681450479433e-05,6.246486353462536e-05,6.83682496114271e-05
363,bh,b,38,0.0019681980628787486,0.0019662636987966067,0.002765279407121878
364,igh,aɪ,69,0.006046267087276551,0.0060280617604213,0.0071862633900242594
365,oh,oʊ,191,0.010333820267272628,0.010280791361190877,0.013510124579434542
366,oh,ɔ,35,0.00288469463446798,0.002880541887255843,0.0034863535091722033
367,oh,ə,1,1.1365702855064557e-05,1.1365638265981568e-05,1.2689153592155797e-05
368,gu,ɡ,82,0.006395258150054594,0.00637489525784217,0.008759017852120948
369,oeh,eɪ,4,0.00031240237425804435,0.0003123535867968965,0.0003668122175632176
370,oi,ɪ,7,0.00014717322288333368,0.00014716239396697222,0.00018567725085282476
371,oi,ə,11,0.00012502273140571014,0.0001250149167154512,0.0001395727580263549
372,oi,i,2,6.246681450479433e-05,6.246486353462536e-05,6.83682496114271e-05
373,cht,t,26,0.0005480376038109691,0.0005478874860476336,0.0007177856299745313
374,uet,eɪ,5,0.0003905029678225555,0.0003904267413824639,0.00045849737238844277
375,uy,ɪ,4,8.40989845047621e-05,8.409544838344531e-05,0.00010610463206094725
376,uy,aɪ,60,0.005257623554153523,0.005243850506010948,0.006251377708424964
377,uy,i,2,6.246681450479433e-05,6.246486353462536e-05,6.83682496114271e-05
378,eig,eɪ,2,0.00015620118712902218,0.00015618898899379677,0.00018342043067053017
379,gm,m,35,0.0013159873665212814,0.001315122214083571,0.0017961878093583944
380,che,ʃ,41,0.004825800376647834,0.004814193528586419,0.0054052140079575775
381,uh,u,37,0.005212735981966751,0.005199196704494961,0.00598582298844229
382,ddh,d,5,0.00015457861868546343,0.00015456667264177244,0.00020498206306776237
383,uo,u,7,0.0009861932938856016,0.0009857073247591282,0.0011348425342934353
384,uo,ɔ,36,0.002967114481167065,0.002962721284927123,0.003585816194551122
385,uo,ə,2,2.2731405710129114e-05,2.2731147355698112e-05,2.53781629656211e-05
386,aille,aɪ,1,8.762705923589205e-05,8.76232202093291e-05,0.00010445870738098194
387,lve,v,6,0.0005677517032551098,0.0005675905932343486,0.0007521158426466018
388,pb,b,7,0.0003625628010566116,0.00036249709104645606,0.0005098022923506354
389,sn,n,59,0.001015892694181862,0.0010153770244127347,0.0013655211464658195
390,eou,ə,6,6.819421713038734e-05,6.819189201041601e-05,7.613275833789181e-05
391,is,i,15,0.0004685011087859575,0.00046839139640704453,0.0005126578062185433
392,is,aɪ,21,0.001840168243953733,0.0018384772085792793,0.0021917130219455314
393,ot,oʊ,21,0.0011361791916896609,0.001135534228594792,0.0014922206232527505
394,ez,eɪ,6,0.00046860356138706655,0.0004684938010261907,0.0005501753696229535
395,phe,f,12,0.0009081964731703625,0.000907784312283201,0.0011456826855012953
396,ffe,f,60,0.004540982365851812,0.004530703211985368,0.005718041337442045
397,cu,k,6,0.00015874695734998412,0.0001587343583851888,0.00018281945071172868
398,oeu,u,3,0.00042265426880811494,0.00042256497565189695,0.00048649806674575153
399,ju,w,20,0.00235626767200754,0.002353496026308679,0.002910502201726512
400,mbe,m,10,0.0003759963904346518,0.00037592572150542863,0.0005134376037156659
401,pt,t,45,0.0009485266219805236,0.0009480770548659053,0.0012420726945242871
402,sci,ʃ,15,0.0017655367231638418,0.0017639799952410564,0.001980537201800765
403,mp,m,22,0.000827192058956234,0.0008268501241558471,0.0011293080576622594
404,oy,aɪ,8,0.0007010164738871364,0.0007007708766106639,0.0008354134870427176
405,ig,aɪ,34,0.0029793200140203293,0.002974890635656874,0.003546471239679678
406,shi,ʃ,22,0.0025894538606403015,0.0025861070014387808,0.002903593656393479
407,cz,z,8,0.0003066191406998582,0.00030657214265799194,0.00039527808338941803
408,mme,m,33,0.001240788088434351,0.0012400189470561172,0.00169361211621515
409,bt,t,25,0.0005269592344336242,0.0005268204401734483,0.0006901857610605882
410,ppe,p,38,0.002022675254165114,0.0020206324007954655,0.002763181792981771
411,es,eɪ,12,0.0009372071227741331,0.0009367682183868799,0.0011000931061908013
412,dn,n,4,6.887408096148217e-05,6.887170925095214e-05,9.262153181948761e-05
413,ngh,ŋ,14,0.0014806980433632998,0.001479602890942193,0.0018967357619989844
414,rh,r,105,0.0014599149078168016,0.0014588502681106392,0.0020301130410434
415,vv,v,8,0.000757002271006813,0.0007567158893062981,0.001002726288126998
416,ngue,ŋ,10,0.0010576414595452142,0.0010570825508652622,0.0013550975669792654
417,eigh,eɪ,32,0.002499218994064355,0.002496101139993703,0.002931294638913565
418,eigh,aɪ,4,0.0003505082369435682,0.00035044682328165316,0.0004177799226999351
419,pn,n,13,0.00022384076312481705,0.00022381571451900558,0.00030099665812689027
420,nc,ŋ,2,0.00021152829190904283,0.0002115059229543188,0.0002711341336232438
421,sme,m,1,3.759963904346518e-05,3.759893219466306e-05,5.1352446890274405e-05
422,tth,θ,10,0.0035112359550561797,0.0035050859579463527,0.004995579486862089
423,aigh,eɪ,3,0.00023430178069353328,0.00023427433631815543,0.00027511990403008066
424,psh,ʃ,8,0.0009416195856873823,0.0009411765400636845,0.001056721253124827
425,shh,ʃ,2,0.00023540489642184556,0.0002353771930368913,0.0002642735680238247
426,sesh,ʃ,1,0.00011770244821092278,0.0001176955218211939,0.00013214455950809917
427,ic,aɪ,5,0.0004381352961794602,0.00043803934293663095,0.0005222020308756406
428,cque,k,6,0.00015874695734998412,0.0001587343583851888,0.00018281945071172868
429,tz,s,9,0.00019082350945636502,0.0001908053049662961,0.00024007552355512183
430,cn,n,1,1.721852024037054e-05,1.721837200326279e-05,2.3155980993138065e-05
431,aah,ɑ,2,8.609186001463561e-05,8.608815432324111e-05,0.00010529964766198202
432,cqu,k,1,2.6457826224997355e-05,2.6457476222901822e-05,3.047192378194574e-05
433,ft,f,27,0.0020434420646333155,0.0020413570767823727,0.0025763250434597566
434,aoh,oʊ,8,0.0004328301682627279,0.0004327365243058206,0.0005686648184995294
435,ww,w,2,0.000235626767200754,0.0002355990115739744,0.00029135865718292323
436,ix,i,1,3.123340725239717e-05,3.123291949959863e-05,3.418465863226471e-05
437,ioux,u,2,0.0002817695125387433,0.0002817298229650445,0.0003243548853183372
438,ii,ɪ,2,4.204949225238105e-05,4.2048608197277244e-05,5.3053431395049384e-05
439,sj,ʃ,7,0.0008239171374764595,0.0008235779040724016,0.0009246854737565162
440,ighe,aɪ,1,8.762705923589205e-05,8.76232202093291e-05,0.00010445870738098194
441,wo,u,11,0.0015497323189630882,0.0015485327230412838,0.0017828220970985647
442,or,ʊ,1,0.0005327650506126798,0.0005326231816993347,0.0006325828938089595
443,iao,aʊ,1,0.00029806259314456036,0.0002980181813146451,0.00034348793378342294
444,zi,ʒ,4,0.008,0.007968169649176881,0.008842035427804595
