model,size,test,ratio,Category,Class,Support,Support %,Prediction,Prediction %,Mean Score,Med Score,âˆ† Score,Precision,Recall,F1-Score,Accuracy,AUC,Confusion
llama2,13B,clean,0.0,hateful,Yes,553,0.19540636042402826,0,0.0,0.3131095406360424,0.2,,0.0,0.0,0.0,0.8,0.7,"[[2277  553]
 [   0    0]]"
llama2,13B,clean,0.0,hateful,No,2277,0.8045936395759717,2830,1.0,0.3131095406360424,0.2,,0.8,1.0,0.89,0.8,0.7,"[[2277  553]
 [   0    0]]"
llama2,13B,clean,0.0,offensive,Yes,878,0.3102473498233215,375,0.13250883392226148,0.33738515901060073,0.4,,0.79,0.34,0.47,0.77,0.73,"[[1874  581]
 [  78  297]]"
llama2,13B,clean,0.0,offensive,No,1952,0.6897526501766784,2455,0.8674911660777385,0.33738515901060073,0.4,,0.76,0.96,0.85,0.77,0.73,"[[1874  581]
 [  78  297]]"
llama2,13B,clean,0.0,toxic,Yes,507,0.17915194346289753,434,0.15335689045936396,0.41918727915194354,0.4,,0.63,0.54,0.58,0.86,0.86,"[[2162  234]
 [ 161  273]]"
llama2,13B,clean,0.0,toxic,No,2323,0.8208480565371025,2396,0.846643109540636,0.41918727915194354,0.4,,0.9,0.93,0.92,0.86,0.86,"[[2162  234]
 [ 161  273]]"
llama2,13B,phonetic,0.125,hateful,Yes,553,0.19540636042402826,0,0.0,0.3321201413427562,0.2,0.07031802120141342,0.0,0.0,0.0,0.8,0.7,"[[2277  553]
 [   0    0]]"
llama2,13B,phonetic,0.125,hateful,No,2277,0.8045936395759717,2830,1.0,0.3321201413427562,0.2,0.07031802120141342,0.8,1.0,0.89,0.8,0.7,"[[2277  553]
 [   0    0]]"
llama2,13B,phonetic,0.125,offensive,Yes,878,0.3102473498233215,337,0.11908127208480565,0.3392579505300353,0.4,0.05480565371024735,0.8,0.31,0.45,0.76,0.7,"[[1886  607]
 [  66  271]]"
llama2,13B,phonetic,0.125,offensive,No,1952,0.6897526501766784,2493,0.8809187279151943,0.3392579505300353,0.4,0.05480565371024735,0.76,0.97,0.85,0.76,0.7,"[[1886  607]
 [  66  271]]"
llama2,13B,phonetic,0.125,toxic,Yes,507,0.17915194346289753,493,0.17420494699646644,0.4490812720848057,0.4,0.08685512367491166,0.57,0.55,0.56,0.84,0.83,"[[2110  227]
 [ 213  280]]"
llama2,13B,phonetic,0.125,toxic,No,2323,0.8208480565371025,2337,0.8257950530035336,0.4490812720848057,0.4,0.08685512367491166,0.9,0.91,0.91,0.84,0.83,"[[2110  227]
 [ 213  280]]"
llama2,13B,phonetic,0.25,hateful,Yes,553,0.19540636042402826,0,0.0,0.3505300353356891,0.2,0.08731448763250882,0.0,0.0,0.0,0.8,0.71,"[[2277  553]
 [   0    0]]"
llama2,13B,phonetic,0.25,hateful,No,2277,0.8045936395759717,2830,1.0,0.3505300353356891,0.2,0.08731448763250882,0.8,1.0,0.89,0.8,0.71,"[[2277  553]
 [   0    0]]"
llama2,13B,phonetic,0.25,offensive,Yes,878,0.3102473498233215,348,0.12296819787985866,0.3426148409893993,0.4,0.06607773851590105,0.81,0.32,0.46,0.77,0.71,"[[1885  597]
 [  67  281]]"
llama2,13B,phonetic,0.25,offensive,No,1952,0.6897526501766784,2482,0.8770318021201413,0.3426148409893993,0.4,0.06607773851590105,0.76,0.97,0.85,0.77,0.71,"[[1885  597]
 [  67  281]]"
llama2,13B,phonetic,0.25,toxic,Yes,507,0.17915194346289753,564,0.19929328621908127,0.47660777385159014,0.4,0.11826855123674913,0.49,0.54,0.52,0.82,0.8,"[[2035  231]
 [ 288  276]]"
llama2,13B,phonetic,0.25,toxic,No,2323,0.8208480565371025,2266,0.8007067137809187,0.47660777385159014,0.4,0.11826855123674913,0.9,0.88,0.89,0.82,0.8,"[[2035  231]
 [ 288  276]]"
llama2,13B,phonetic,0.5,hateful,Yes,553,0.19540636042402826,0,0.0,0.3814487632508834,0.2,0.11809187279151943,0.0,0.0,0.0,0.8,0.71,"[[2277  553]
 [   0    0]]"
llama2,13B,phonetic,0.5,hateful,No,2277,0.8045936395759717,2830,1.0,0.3814487632508834,0.2,0.11809187279151943,0.8,1.0,0.89,0.8,0.71,"[[2277  553]
 [   0    0]]"
llama2,13B,phonetic,0.5,offensive,Yes,878,0.3102473498233215,321,0.11342756183745584,0.34113074204946997,0.4,0.07851590106007067,0.75,0.28,0.4,0.75,0.67,"[[1873  636]
 [  79  242]]"
llama2,13B,phonetic,0.5,offensive,No,1952,0.6897526501766784,2509,0.8865724381625442,0.34113074204946997,0.4,0.07851590106007067,0.75,0.96,0.84,0.75,0.67,"[[1873  636]
 [  79  242]]"
llama2,13B,phonetic,0.5,toxic,Yes,507,0.17915194346289753,764,0.26996466431095406,0.5155830388692579,0.4,0.15053003533568904,0.41,0.61,0.49,0.77,0.76,"[[1870  196]
 [ 453  311]]"
llama2,13B,phonetic,0.5,toxic,No,2323,0.8208480565371025,2066,0.7300353356890459,0.5155830388692579,0.4,0.15053003533568904,0.91,0.8,0.85,0.77,0.76,"[[1870  196]
 [ 453  311]]"
llama2,13B,typo,0.125,hateful,Yes,553,0.19540636042402826,0,0.0,0.33946996466431095,0.2,0.07823321554770318,0.0,0.0,0.0,0.8,0.71,"[[2277  553]
 [   0    0]]"
llama2,13B,typo,0.125,hateful,No,2277,0.8045936395759717,2830,1.0,0.33946996466431095,0.2,0.07823321554770318,0.8,1.0,0.89,0.8,0.71,"[[2277  553]
 [   0    0]]"
llama2,13B,typo,0.125,offensive,Yes,878,0.3102473498233215,335,0.11837455830388692,0.34466431095406364,0.4,0.06402826855123675,0.79,0.3,0.44,0.76,0.68,"[[1882  613]
 [  70  265]]"
llama2,13B,typo,0.125,offensive,No,1952,0.6897526501766784,2495,0.8816254416961131,0.34466431095406364,0.4,0.06402826855123675,0.75,0.96,0.85,0.76,0.68,"[[1882  613]
 [  70  265]]"
llama2,13B,typo,0.125,toxic,Yes,507,0.17915194346289753,582,0.20565371024734982,0.4668197879858657,0.4,0.10692579505300354,0.51,0.58,0.54,0.82,0.81,"[[2037  211]
 [ 286  296]]"
llama2,13B,typo,0.125,toxic,No,2323,0.8208480565371025,2248,0.7943462897526502,0.4668197879858657,0.4,0.10692579505300354,0.91,0.88,0.89,0.82,0.81,"[[2037  211]
 [ 286  296]]"
llama2,13B,typo,0.25,hateful,Yes,553,0.19540636042402826,0,0.0,0.35893992932862195,0.2,0.1014487632508834,0.0,0.0,0.0,0.8,0.7,"[[2277  553]
 [   0    0]]"
llama2,13B,typo,0.25,hateful,No,2277,0.8045936395759717,2830,1.0,0.35893992932862195,0.2,0.1014487632508834,0.8,1.0,0.89,0.8,0.7,"[[2277  553]
 [   0    0]]"
llama2,13B,typo,0.25,offensive,Yes,878,0.3102473498233215,311,0.10989399293286219,0.3476678445229682,0.4,0.07819787985865725,0.79,0.28,0.42,0.75,0.67,"[[1888  631]
 [  64  247]]"
llama2,13B,typo,0.25,offensive,No,1952,0.6897526501766784,2519,0.8901060070671378,0.3476678445229682,0.4,0.07819787985865725,0.75,0.97,0.84,0.75,0.67,"[[1888  631]
 [  64  247]]"
llama2,13B,typo,0.25,toxic,Yes,507,0.17915194346289753,758,0.2678445229681979,0.5067137809187279,0.4,0.14413427561837455,0.42,0.63,0.51,0.78,0.78,"[[1886  186]
 [ 437  321]]"
llama2,13B,typo,0.25,toxic,No,2323,0.8208480565371025,2072,0.7321554770318022,0.5067137809187279,0.4,0.14413427561837455,0.91,0.81,0.86,0.78,0.78,"[[1886  186]
 [ 437  321]]"
llama2,13B,typo,0.5,hateful,Yes,553,0.19540636042402826,0,0.0,0.3833215547703181,0.2,0.12957597173144877,0.0,0.0,0.0,0.8,0.69,"[[2277  553]
 [   0    0]]"
llama2,13B,typo,0.5,hateful,No,2277,0.8045936395759717,2830,1.0,0.3833215547703181,0.2,0.12957597173144877,0.8,1.0,0.89,0.8,0.69,"[[2277  553]
 [   0    0]]"
llama2,13B,typo,0.5,offensive,Yes,878,0.3102473498233215,299,0.10565371024734982,0.34851590106007074,0.4,0.0895053003533569,0.8,0.27,0.4,0.75,0.65,"[[1891  640]
 [  61  238]]"
llama2,13B,typo,0.5,offensive,No,1952,0.6897526501766784,2531,0.8943462897526502,0.34851590106007074,0.4,0.0895053003533569,0.75,0.97,0.84,0.75,0.65,"[[1891  640]
 [  61  238]]"
llama2,13B,typo,0.5,toxic,Yes,507,0.17915194346289753,1099,0.388339222614841,0.5697879858657243,0.6,0.20113074204946998,0.33,0.72,0.45,0.69,0.72,"[[1589  142]
 [ 734  365]]"
llama2,13B,typo,0.5,toxic,No,2323,0.8208480565371025,1731,0.611660777385159,0.5697879858657243,0.6,0.20113074204946998,0.92,0.68,0.78,0.69,0.72,"[[1589  142]
 [ 734  365]]"
llama2,13B,visual,0.125,hateful,Yes,553,0.19540636042402826,0,0.0,0.3519081272084806,0.2,0.08961130742049471,0.0,0.0,0.0,0.8,0.72,"[[2277  553]
 [   0    0]]"
llama2,13B,visual,0.125,hateful,No,2277,0.8045936395759717,2830,1.0,0.3519081272084806,0.2,0.08961130742049471,0.8,1.0,0.89,0.8,0.72,"[[2277  553]
 [   0    0]]"
llama2,13B,visual,0.125,offensive,Yes,878,0.3102473498233215,328,0.11590106007067137,0.3409540636042403,0.4,0.06286219081272085,0.8,0.3,0.44,0.76,0.68,"[[1888  614]
 [  64  264]]"
llama2,13B,visual,0.125,offensive,No,1952,0.6897526501766784,2502,0.8840989399293286,0.3409540636042403,0.4,0.06286219081272085,0.75,0.97,0.85,0.76,0.68,"[[1888  614]
 [  64  264]]"
llama2,13B,visual,0.125,toxic,Yes,507,0.17915194346289753,596,0.21060070671378092,0.47219081272084806,0.4,0.11533568904593638,0.51,0.6,0.55,0.82,0.8,"[[2030  204]
 [ 293  303]]"
llama2,13B,visual,0.125,toxic,No,2323,0.8208480565371025,2234,0.789399293286219,0.47219081272084806,0.4,0.11533568904593638,0.91,0.87,0.89,0.82,0.8,"[[2030  204]
 [ 293  303]]"
llama2,13B,visual,0.25,hateful,Yes,553,0.19540636042402826,0,0.0,0.3574558303886926,0.2,0.10371024734982333,0.0,0.0,0.0,0.8,0.72,"[[2277  553]
 [   0    0]]"
llama2,13B,visual,0.25,hateful,No,2277,0.8045936395759717,2830,1.0,0.3574558303886926,0.2,0.10371024734982333,0.8,1.0,0.89,0.8,0.72,"[[2277  553]
 [   0    0]]"
llama2,13B,visual,0.25,offensive,Yes,878,0.3102473498233215,310,0.10954063604240283,0.3430035335689046,0.4,0.07169611307420494,0.8,0.28,0.42,0.76,0.67,"[[1891  629]
 [  61  249]]"
llama2,13B,visual,0.25,offensive,No,1952,0.6897526501766784,2520,0.8904593639575972,0.3430035335689046,0.4,0.07169611307420494,0.75,0.97,0.85,0.76,0.67,"[[1891  629]
 [  61  249]]"
llama2,13B,visual,0.25,toxic,Yes,507,0.17915194346289753,749,0.2646643109540636,0.5110247349823321,0.4,0.15431095406360423,0.42,0.62,0.5,0.78,0.76,"[[1890  191]
 [ 433  316]]"
llama2,13B,visual,0.25,toxic,No,2323,0.8208480565371025,2081,0.7353356890459364,0.5110247349823321,0.4,0.15431095406360423,0.91,0.81,0.86,0.78,0.76,"[[1890  191]
 [ 433  316]]"
llama2,13B,visual,0.5,hateful,Yes,553,0.19540636042402826,0,0.0,0.3637455830388693,0.2,0.1201060070671378,0.0,0.0,0.0,0.8,0.71,"[[2277  553]
 [   0    0]]"
llama2,13B,visual,0.5,hateful,No,2277,0.8045936395759717,2830,1.0,0.3637455830388693,0.2,0.1201060070671378,0.8,1.0,0.89,0.8,0.71,"[[2277  553]
 [   0    0]]"
llama2,13B,visual,0.5,offensive,Yes,878,0.3102473498233215,276,0.09752650176678446,0.3409893992932862,0.4,0.08671378091872792,0.8,0.25,0.38,0.75,0.64,"[[1896  658]
 [  56  220]]"
llama2,13B,visual,0.5,offensive,No,1952,0.6897526501766784,2554,0.9024734982332155,0.3409893992932862,0.4,0.08671378091872792,0.74,0.97,0.84,0.75,0.64,"[[1896  658]
 [  56  220]]"
llama2,13B,visual,0.5,toxic,Yes,507,0.17915194346289753,996,0.3519434628975265,0.5565724381625441,0.6,0.20127208480565373,0.33,0.65,0.44,0.7,0.7,"[[1659  175]
 [ 664  332]]"
llama2,13B,visual,0.5,toxic,No,2323,0.8208480565371025,1834,0.6480565371024735,0.5565724381625441,0.6,0.20127208480565373,0.9,0.71,0.8,0.7,0.7,"[[1659  175]
 [ 664  332]]"
llama2,7B,clean,0.0,hateful,Yes,553,0.19540636042402826,0,0.0,0.28526501766784457,0.2,,0.0,0.0,0.0,0.8,0.69,"[[2277  553]
 [   0    0]]"
llama2,7B,clean,0.0,hateful,No,2277,0.8045936395759717,2830,1.0,0.28526501766784457,0.2,,0.8,1.0,0.89,0.8,0.69,"[[2277  553]
 [   0    0]]"
llama2,7B,clean,0.0,offensive,Yes,878,0.3102473498233215,1039,0.3671378091872792,0.3221908127208481,0.2,,0.62,0.73,0.67,0.78,0.78,"[[1557  234]
 [ 395  644]]"
llama2,7B,clean,0.0,offensive,No,1952,0.6897526501766784,1791,0.6328621908127209,0.3221908127208481,0.2,,0.87,0.8,0.83,0.78,0.78,"[[1557  234]
 [ 395  644]]"
llama2,7B,clean,0.0,toxic,Yes,507,0.17915194346289753,278,0.09823321554770319,0.3872791519434629,0.2,,0.62,0.34,0.44,0.84,0.83,"[[2217  335]
 [ 106  172]]"
llama2,7B,clean,0.0,toxic,No,2323,0.8208480565371025,2552,0.9017667844522969,0.3872791519434629,0.2,,0.87,0.95,0.91,0.84,0.83,"[[2217  335]
 [ 106  172]]"
llama2,7B,phonetic,0.125,hateful,Yes,553,0.19540636042402826,0,0.0,0.30770318021201415,0.2,0.060954063604240286,0.0,0.0,0.0,0.8,0.69,"[[2277  553]
 [   0    0]]"
llama2,7B,phonetic,0.125,hateful,No,2277,0.8045936395759717,2830,1.0,0.30770318021201415,0.2,0.060954063604240286,0.8,1.0,0.89,0.8,0.69,"[[2277  553]
 [   0    0]]"
llama2,7B,phonetic,0.125,offensive,Yes,878,0.3102473498233215,1235,0.4363957597173145,0.34540636042402834,0.2,0.05925795053003533,0.56,0.79,0.65,0.74,0.77,"[[1407  188]
 [ 545  690]]"
llama2,7B,phonetic,0.125,offensive,No,1952,0.6897526501766784,1595,0.5636042402826855,0.34540636042402834,0.2,0.05925795053003533,0.88,0.72,0.79,0.74,0.77,"[[1407  188]
 [ 545  690]]"
llama2,7B,phonetic,0.125,toxic,Yes,507,0.17915194346289753,327,0.11554770318021201,0.41869257950530037,0.5,0.0796113074204947,0.6,0.39,0.47,0.84,0.82,"[[2193  310]
 [ 130  197]]"
llama2,7B,phonetic,0.125,toxic,No,2323,0.8208480565371025,2503,0.884452296819788,0.41869257950530037,0.5,0.0796113074204947,0.88,0.94,0.91,0.84,0.82,"[[2193  310]
 [ 130  197]]"
llama2,7B,phonetic,0.25,hateful,Yes,553,0.19540636042402826,0,0.0,0.3269611307420495,0.2,0.07901060070671378,0.0,0.0,0.0,0.8,0.68,"[[2277  553]
 [   0    0]]"
llama2,7B,phonetic,0.25,hateful,No,2277,0.8045936395759717,2830,1.0,0.3269611307420495,0.2,0.07901060070671378,0.8,1.0,0.89,0.8,0.68,"[[2277  553]
 [   0    0]]"
llama2,7B,phonetic,0.25,offensive,Yes,878,0.3102473498233215,1376,0.4862190812720848,0.36204946996466436,0.2,0.07363957597173144,0.52,0.82,0.64,0.71,0.76,"[[1297  157]
 [ 655  721]]"
llama2,7B,phonetic,0.25,offensive,No,1952,0.6897526501766784,1454,0.5137809187279152,0.36204946996466436,0.2,0.07363957597173144,0.89,0.66,0.76,0.71,0.76,"[[1297  157]
 [ 655  721]]"
llama2,7B,phonetic,0.25,toxic,Yes,507,0.17915194346289753,365,0.12897526501766785,0.432791519434629,0.5,0.09717314487632508,0.53,0.38,0.44,0.83,0.79,"[[2151  314]
 [ 172  193]]"
llama2,7B,phonetic,0.25,toxic,No,2323,0.8208480565371025,2465,0.8710247349823321,0.432791519434629,0.5,0.09717314487632508,0.87,0.93,0.9,0.83,0.79,"[[2151  314]
 [ 172  193]]"
llama2,7B,phonetic,0.5,hateful,Yes,553,0.19540636042402826,0,0.0,0.35088339222614845,0.2,0.1045583038869258,0.0,0.0,0.0,0.8,0.69,"[[2277  553]
 [   0    0]]"
llama2,7B,phonetic,0.5,hateful,No,2277,0.8045936395759717,2830,1.0,0.35088339222614845,0.2,0.1045583038869258,0.8,1.0,0.89,0.8,0.69,"[[2277  553]
 [   0    0]]"
llama2,7B,phonetic,0.5,offensive,Yes,878,0.3102473498233215,1582,0.5590106007067138,0.3862544169611307,0.5,0.09996466431095405,0.46,0.84,0.6,0.65,0.73,"[[1104  144]
 [ 848  734]]"
llama2,7B,phonetic,0.5,offensive,No,1952,0.6897526501766784,1248,0.44098939929328623,0.3862544169611307,0.5,0.09996466431095405,0.88,0.57,0.69,0.65,0.73,"[[1104  144]
 [ 848  734]]"
llama2,7B,phonetic,0.5,toxic,Yes,507,0.17915194346289753,446,0.1575971731448763,0.4648056537102474,0.5,0.12565371024734984,0.5,0.44,0.47,0.82,0.78,"[[2099  285]
 [ 224  222]]"
llama2,7B,phonetic,0.5,toxic,No,2323,0.8208480565371025,2384,0.8424028268551237,0.4648056537102474,0.5,0.12565371024734984,0.88,0.9,0.89,0.82,0.78,"[[2099  285]
 [ 224  222]]"
llama2,7B,typo,0.125,hateful,Yes,553,0.19540636042402826,0,0.0,0.30416961130742054,0.2,0.06116607773851591,0.0,0.0,0.0,0.8,0.68,"[[2277  553]
 [   0    0]]"
llama2,7B,typo,0.125,hateful,No,2277,0.8045936395759717,2830,1.0,0.30416961130742054,0.2,0.06116607773851591,0.8,1.0,0.89,0.8,0.68,"[[2277  553]
 [   0    0]]"
llama2,7B,typo,0.125,offensive,Yes,878,0.3102473498233215,0,0.0,,,,0.0,0.0,0.0,0.69,,"[[1952  878]
 [   0    0]]"
llama2,7B,typo,0.125,offensive,No,1952,0.6897526501766784,2830,1.0,,,,0.69,1.0,0.82,0.69,,"[[1952  878]
 [   0    0]]"
llama2,7B,typo,0.125,toxic,Yes,507,0.17915194346289753,331,0.11696113074204947,0.4143462897526502,0.5,0.08445229681978798,0.59,0.38,0.46,0.84,0.81,"[[2186  313]
 [ 137  194]]"
llama2,7B,typo,0.125,toxic,No,2323,0.8208480565371025,2499,0.8830388692579505,0.4143462897526502,0.5,0.08445229681978798,0.87,0.94,0.91,0.84,0.81,"[[2186  313]
 [ 137  194]]"
llama2,7B,typo,0.25,hateful,Yes,553,0.19540636042402826,0,0.0,0.3196113074204947,0.2,0.08056537102473499,0.0,0.0,0.0,0.8,0.66,"[[2277  553]
 [   0    0]]"
llama2,7B,typo,0.25,hateful,No,2277,0.8045936395759717,2830,1.0,0.3196113074204947,0.2,0.08056537102473499,0.8,1.0,0.89,0.8,0.66,"[[2277  553]
 [   0    0]]"
llama2,7B,typo,0.25,offensive,Yes,878,0.3102473498233215,1357,0.47950530035335687,0.36038869257950534,0.2,0.08151943462897526,0.51,0.79,0.62,0.7,0.75,"[[1290  183]
 [ 662  695]]"
llama2,7B,typo,0.25,offensive,No,1952,0.6897526501766784,1473,0.5204946996466431,0.36038869257950534,0.2,0.08151943462897526,0.88,0.66,0.75,0.7,0.75,"[[1290  183]
 [ 662  695]]"
llama2,7B,typo,0.25,toxic,Yes,507,0.17915194346289753,357,0.12614840989399292,0.42416961130742054,0.5,0.09943462897526503,0.5,0.36,0.42,0.82,0.79,"[[2146  327]
 [ 177  180]]"
llama2,7B,typo,0.25,toxic,No,2323,0.8208480565371025,2473,0.8738515901060071,0.42416961130742054,0.5,0.09943462897526503,0.87,0.92,0.89,0.82,0.79,"[[2146  327]
 [ 177  180]]"
llama2,7B,typo,0.5,hateful,Yes,553,0.19540636042402826,0,0.0,0.3343462897526502,0.2,0.10356890459363959,0.0,0.0,0.0,0.8,0.67,"[[2277  553]
 [   0    0]]"
llama2,7B,typo,0.5,hateful,No,2277,0.8045936395759717,2830,1.0,0.3343462897526502,0.2,0.10356890459363959,0.8,1.0,0.89,0.8,0.67,"[[2277  553]
 [   0    0]]"
llama2,7B,typo,0.5,offensive,Yes,878,0.3102473498233215,1524,0.5385159010600706,0.37805653710247356,0.5,0.10222614840989398,0.46,0.81,0.59,0.65,0.71,"[[1136  170]
 [ 816  708]]"
llama2,7B,typo,0.5,offensive,No,1952,0.6897526501766784,1306,0.4614840989399293,0.37805653710247356,0.5,0.10222614840989398,0.87,0.58,0.7,0.65,0.71,"[[1136  170]
 [ 816  708]]"
llama2,7B,typo,0.5,toxic,Yes,507,0.17915194346289753,399,0.14098939929328622,0.44438162544169607,0.5,0.13208480565371022,0.46,0.36,0.41,0.81,0.76,"[[2109  322]
 [ 214  185]]"
llama2,7B,typo,0.5,toxic,No,2323,0.8208480565371025,2431,0.8590106007067138,0.44438162544169607,0.5,0.13208480565371022,0.87,0.91,0.89,0.81,0.76,"[[2109  322]
 [ 214  185]]"
llama2,7B,visual,0.125,hateful,Yes,553,0.19540636042402826,0,0.0,0.3132508833922262,0.2,0.06876325088339223,0.0,0.0,0.0,0.8,0.69,"[[2277  553]
 [   0    0]]"
llama2,7B,visual,0.125,hateful,No,2277,0.8045936395759717,2830,1.0,0.3132508833922262,0.2,0.06876325088339223,0.8,1.0,0.89,0.8,0.69,"[[2277  553]
 [   0    0]]"
llama2,7B,visual,0.125,offensive,Yes,878,0.3102473498233215,1258,0.44452296819787984,0.3470318021201414,0.2,0.06724381625441696,0.55,0.79,0.65,0.73,0.76,"[[1385  187]
 [ 567  691]]"
llama2,7B,visual,0.125,offensive,No,1952,0.6897526501766784,1572,0.5554770318021202,0.3470318021201414,0.2,0.06724381625441696,0.88,0.71,0.79,0.73,0.76,"[[1385  187]
 [ 567  691]]"
llama2,7B,visual,0.125,toxic,Yes,507,0.17915194346289753,291,0.10282685512367491,0.4120141342756184,0.5,0.08664310954063603,0.59,0.34,0.43,0.84,0.8,"[[2203  336]
 [ 120  171]]"
llama2,7B,visual,0.125,toxic,No,2323,0.8208480565371025,2539,0.897173144876325,0.4120141342756184,0.5,0.08664310954063603,0.87,0.95,0.91,0.84,0.8,"[[2203  336]
 [ 120  171]]"
llama2,7B,visual,0.25,hateful,Yes,553,0.19540636042402826,0,0.0,0.31625441696113077,0.2,0.07883392226148411,0.0,0.0,0.0,0.8,0.68,"[[2277  553]
 [   0    0]]"
llama2,7B,visual,0.25,hateful,No,2277,0.8045936395759717,2830,1.0,0.31625441696113077,0.2,0.07883392226148411,0.8,1.0,0.89,0.8,0.68,"[[2277  553]
 [   0    0]]"
llama2,7B,visual,0.25,offensive,Yes,878,0.3102473498233215,1335,0.4717314487632509,0.3548056537102474,0.2,0.07826855123674911,0.53,0.8,0.64,0.71,0.75,"[[1320  175]
 [ 632  703]]"
llama2,7B,visual,0.25,offensive,No,1952,0.6897526501766784,1495,0.5282685512367491,0.3548056537102474,0.2,0.07826855123674911,0.88,0.68,0.77,0.71,0.75,"[[1320  175]
 [ 632  703]]"
llama2,7B,visual,0.25,toxic,Yes,507,0.17915194346289753,291,0.10282685512367491,0.4218021201413428,0.5,0.10420494699646643,0.52,0.3,0.38,0.82,0.78,"[[2182  357]
 [ 141  150]]"
llama2,7B,visual,0.25,toxic,No,2323,0.8208480565371025,2539,0.897173144876325,0.4218021201413428,0.5,0.10420494699646643,0.86,0.94,0.9,0.82,0.78,"[[2182  357]
 [ 141  150]]"
llama2,7B,visual,0.5,hateful,Yes,553,0.19540636042402826,0,0.0,0.3234275618374559,0.2,0.09257950530035336,0.0,0.0,0.0,0.8,0.69,"[[2277  553]
 [   0    0]]"
llama2,7B,visual,0.5,hateful,No,2277,0.8045936395759717,2830,1.0,0.3234275618374559,0.2,0.09257950530035336,0.8,1.0,0.89,0.8,0.69,"[[2277  553]
 [   0    0]]"
llama2,7B,visual,0.5,offensive,Yes,878,0.3102473498233215,1378,0.48692579505300354,0.35929328621908135,0.2,0.096113074204947,0.51,0.8,0.62,0.7,0.74,"[[1274  178]
 [ 678  700]]"
llama2,7B,visual,0.5,offensive,No,1952,0.6897526501766784,1452,0.5130742049469965,0.35929328621908135,0.2,0.096113074204947,0.88,0.65,0.75,0.7,0.74,"[[1274  178]
 [ 678  700]]"
llama2,7B,visual,0.5,toxic,Yes,507,0.17915194346289753,273,0.09646643109540635,0.42279151943462895,0.5,0.12074204946996468,0.48,0.26,0.34,0.82,0.75,"[[2182  375]
 [ 141  132]]"
llama2,7B,visual,0.5,toxic,No,2323,0.8208480565371025,2557,0.9035335689045937,0.42279151943462895,0.5,0.12074204946996468,0.85,0.94,0.89,0.82,0.75,"[[2182  375]
 [ 141  132]]"
mistral,7B,clean,0.0,hateful,Yes,553,0.19540636042402826,133,0.0469964664310954,0.3615194346289753,0.3,,0.59,0.14,0.23,0.81,0.79,"[[2223  474]
 [  54   79]]"
mistral,7B,clean,0.0,hateful,No,2277,0.8045936395759717,2697,0.9530035335689045,0.3615194346289753,0.3,,0.82,0.98,0.89,0.81,0.79,"[[2223  474]
 [  54   79]]"
mistral,7B,clean,0.0,offensive,Yes,878,0.3102473498233215,709,0.25053003533568907,0.4441696113074205,0.4,,0.63,0.51,0.57,0.76,0.81,"[[1693  428]
 [ 259  450]]"
mistral,7B,clean,0.0,offensive,No,1952,0.6897526501766784,2121,0.7494699646643109,0.4441696113074205,0.4,,0.8,0.87,0.83,0.76,0.81,"[[1693  428]
 [ 259  450]]"
mistral,7B,clean,0.0,toxic,Yes,507,0.17915194346289753,1,0.00035335689045936394,0.5094346289752651,0.6,,1.0,0.0,0.0,0.82,0.81,"[[2323  506]
 [   0    1]]"
mistral,7B,clean,0.0,toxic,No,2323,0.8208480565371025,2829,0.9996466431095407,0.5094346289752651,0.6,,0.82,1.0,0.9,0.82,0.81,"[[2323  506]
 [   0    1]]"
mistral,7B,phonetic,0.125,hateful,Yes,553,0.19540636042402826,165,0.05830388692579505,0.4427208480565371,0.5,0.15286219081272084,0.53,0.16,0.24,0.81,0.75,"[[2199  466]
 [  78   87]]"
mistral,7B,phonetic,0.125,hateful,No,2277,0.8045936395759717,2665,0.941696113074205,0.4427208480565371,0.5,0.15286219081272084,0.83,0.97,0.89,0.81,0.75,"[[2199  466]
 [  78   87]]"
mistral,7B,phonetic,0.125,offensive,Yes,878,0.3102473498233215,958,0.3385159010600707,0.5403886925795054,0.7,0.16286219081272088,0.52,0.57,0.54,0.7,0.75,"[[1493  379]
 [ 459  499]]"
mistral,7B,phonetic,0.125,offensive,No,1952,0.6897526501766784,1872,0.6614840989399293,0.5403886925795054,0.7,0.16286219081272088,0.8,0.76,0.78,0.7,0.75,"[[1493  379]
 [ 459  499]]"
mistral,7B,phonetic,0.125,toxic,Yes,507,0.17915194346289753,0,0.0,0.5912367491166078,0.8,0.15558303886925798,0.0,0.0,0.0,0.82,0.76,"[[2323  507]
 [   0    0]]"
mistral,7B,phonetic,0.125,toxic,No,2323,0.8208480565371025,2830,1.0,0.5912367491166078,0.8,0.15558303886925798,0.82,1.0,0.9,0.82,0.76,"[[2323  507]
 [   0    0]]"
mistral,7B,phonetic,0.25,hateful,Yes,553,0.19540636042402826,205,0.07243816254416961,0.4804593639575972,0.6,0.18982332155477033,0.55,0.2,0.3,0.81,0.73,"[[2184  441]
 [  93  112]]"
mistral,7B,phonetic,0.25,hateful,No,2277,0.8045936395759717,2625,0.9275618374558304,0.4804593639575972,0.6,0.18982332155477033,0.83,0.96,0.89,0.81,0.73,"[[2184  441]
 [  93  112]]"
mistral,7B,phonetic,0.25,offensive,Yes,878,0.3102473498233215,1082,0.3823321554770318,0.5938515901060071,0.7,0.2086925795053004,0.49,0.6,0.54,0.68,0.72,"[[1395  353]
 [ 557  525]]"
mistral,7B,phonetic,0.25,offensive,No,1952,0.6897526501766784,1748,0.6176678445229682,0.5938515901060071,0.7,0.2086925795053004,0.8,0.71,0.75,0.68,0.72,"[[1395  353]
 [ 557  525]]"
mistral,7B,phonetic,0.25,toxic,Yes,507,0.17915194346289753,0,0.0,0.6360424028268551,0.8,0.19353356890459367,0.0,0.0,0.0,0.82,0.76,"[[2323  507]
 [   0    0]]"
mistral,7B,phonetic,0.25,toxic,No,2323,0.8208480565371025,2830,1.0,0.6360424028268551,0.8,0.19353356890459367,0.82,1.0,0.9,0.82,0.76,"[[2323  507]
 [   0    0]]"
mistral,7B,phonetic,0.5,hateful,Yes,553,0.19540636042402826,265,0.09363957597173145,0.5340989399293287,0.6,0.23208480565371023,0.5,0.24,0.32,0.8,0.71,"[[2144  421]
 [ 133  132]]"
mistral,7B,phonetic,0.5,hateful,No,2277,0.8045936395759717,2565,0.9063604240282686,0.5340989399293287,0.6,0.23208480565371023,0.84,0.94,0.89,0.8,0.71,"[[2144  421]
 [ 133  132]]"
mistral,7B,phonetic,0.5,offensive,Yes,878,0.3102473498233215,1330,0.46996466431095407,0.6578798586572439,0.7,0.2561837455830389,0.44,0.66,0.53,0.63,0.69,"[[1205  295]
 [ 747  583]]"
mistral,7B,phonetic,0.5,offensive,No,1952,0.6897526501766784,1500,0.5300353356890459,0.6578798586572439,0.7,0.2561837455830389,0.8,0.62,0.7,0.63,0.69,"[[1205  295]
 [ 747  583]]"
mistral,7B,phonetic,0.5,toxic,Yes,507,0.17915194346289753,1,0.00035335689045936394,0.7059363957597173,0.8,0.24618374558303888,1.0,0.0,0.0,0.82,0.71,"[[2323  506]
 [   0    1]]"
mistral,7B,phonetic,0.5,toxic,No,2323,0.8208480565371025,2829,0.9996466431095407,0.7059363957597173,0.8,0.24618374558303888,0.82,1.0,0.9,0.82,0.71,"[[2323  506]
 [   0    1]]"
mistral,7B,typo,0.125,hateful,Yes,553,0.19540636042402826,200,0.0706713780918728,0.4638869257950531,0.5,0.17296819787985865,0.52,0.19,0.28,0.81,0.75,"[[2182  448]
 [  95  105]]"
mistral,7B,typo,0.125,hateful,No,2277,0.8045936395759717,2630,0.9293286219081273,0.4638869257950531,0.5,0.17296819787985865,0.83,0.96,0.89,0.81,0.75,"[[2182  448]
 [  95  105]]"
mistral,7B,typo,0.125,offensive,Yes,878,0.3102473498233215,1146,0.4049469964664311,0.5840989399293286,0.7,0.20056537102473498,0.48,0.63,0.55,0.68,0.73,"[[1361  323]
 [ 591  555]]"
mistral,7B,typo,0.125,offensive,No,1952,0.6897526501766784,1684,0.5950530035335689,0.5840989399293286,0.7,0.20056537102473498,0.81,0.7,0.75,0.68,0.73,"[[1361  323]
 [ 591  555]]"
mistral,7B,typo,0.125,toxic,Yes,507,0.17915194346289753,4,0.0014134275618374558,0.6193286219081273,0.8,0.18098939929328622,0.0,0.0,0.0,0.82,0.75,"[[2319  507]
 [   4    0]]"
mistral,7B,typo,0.125,toxic,No,2323,0.8208480565371025,2826,0.9985865724381625,0.6193286219081273,0.8,0.18098939929328622,0.82,1.0,0.9,0.82,0.75,"[[2319  507]
 [   4    0]]"
mistral,7B,typo,0.25,hateful,Yes,553,0.19540636042402826,255,0.09010600706713781,0.49872791519434634,0.6,0.20957597173144876,0.5,0.23,0.32,0.8,0.73,"[[2150  425]
 [ 127  128]]"
mistral,7B,typo,0.25,hateful,No,2277,0.8045936395759717,2575,0.9098939929328622,0.49872791519434634,0.6,0.20957597173144876,0.83,0.94,0.89,0.8,0.73,"[[2150  425]
 [ 127  128]]"
mistral,7B,typo,0.25,offensive,Yes,878,0.3102473498233215,1403,0.49575971731448765,0.651060070671378,0.7,0.2571378091872792,0.44,0.7,0.54,0.63,0.68,"[[1160  267]
 [ 792  611]]"
mistral,7B,typo,0.25,offensive,No,1952,0.6897526501766784,1427,0.5042402826855124,0.651060070671378,0.7,0.2571378091872792,0.81,0.59,0.69,0.63,0.68,"[[1160  267]
 [ 792  611]]"
mistral,7B,typo,0.25,toxic,Yes,507,0.17915194346289753,3,0.0010600706713780918,0.6687985865724382,0.8,0.22388692579505307,0.33,0.0,0.0,0.82,0.72,"[[2321  506]
 [   2    1]]"
mistral,7B,typo,0.25,toxic,No,2323,0.8208480565371025,2827,0.9989399293286219,0.6687985865724382,0.8,0.22388692579505307,0.82,1.0,0.9,0.82,0.72,"[[2321  506]
 [   2    1]]"
mistral,7B,typo,0.5,hateful,Yes,553,0.19540636042402826,295,0.10424028268551237,0.5510600706713781,0.6,0.256113074204947,0.44,0.24,0.31,0.79,0.68,"[[2113  422]
 [ 164  131]]"
mistral,7B,typo,0.5,hateful,No,2277,0.8045936395759717,2535,0.8957597173144877,0.5510600706713781,0.6,0.256113074204947,0.83,0.93,0.88,0.79,0.68,"[[2113  422]
 [ 164  131]]"
mistral,7B,typo,0.5,offensive,Yes,878,0.3102473498233215,1685,0.5954063604240283,0.7106713780918729,0.8,0.3057950530035336,0.39,0.76,0.52,0.56,0.65,"[[ 930  215]
 [1022  663]]"
mistral,7B,typo,0.5,offensive,No,1952,0.6897526501766784,1145,0.4045936395759717,0.7106713780918729,0.8,0.3057950530035336,0.81,0.48,0.6,0.56,0.65,"[[ 930  215]
 [1022  663]]"
mistral,7B,typo,0.5,toxic,Yes,507,0.17915194346289753,7,0.0024734982332155478,0.7297526501766786,0.8,0.279469964664311,0.29,0.0,0.01,0.82,0.68,"[[2318  505]
 [   5    2]]"
mistral,7B,typo,0.5,toxic,No,2323,0.8208480565371025,2823,0.9975265017667845,0.7297526501766786,0.8,0.279469964664311,0.82,1.0,0.9,0.82,0.68,"[[2318  505]
 [   5    2]]"
mistral,7B,visual,0.125,hateful,Yes,553,0.19540636042402826,262,0.09257950530035336,0.4939929328621908,0.6,0.20151943462897526,0.5,0.24,0.32,0.8,0.74,"[[2145  423]
 [ 132  130]]"
mistral,7B,visual,0.125,hateful,No,2277,0.8045936395759717,2568,0.9074204946996467,0.4939929328621908,0.6,0.20151943462897526,0.84,0.94,0.89,0.8,0.74,"[[2145  423]
 [ 132  130]]"
mistral,7B,visual,0.125,offensive,Yes,878,0.3102473498233215,1355,0.4787985865724382,0.6549469964664311,0.7,0.2509187279151944,0.45,0.69,0.54,0.64,0.7,"[[1203  272]
 [ 749  606]]"
mistral,7B,visual,0.125,offensive,No,1952,0.6897526501766784,1475,0.5212014134275619,0.6549469964664311,0.7,0.2509187279151944,0.82,0.62,0.7,0.64,0.7,"[[1203  272]
 [ 749  606]]"
mistral,7B,visual,0.125,toxic,Yes,507,0.17915194346289753,0,0.0,0.6586219081272084,0.8,0.21547703180212016,0.0,0.0,0.0,0.82,0.74,"[[2323  507]
 [   0    0]]"
mistral,7B,visual,0.125,toxic,No,2323,0.8208480565371025,2830,1.0,0.6586219081272084,0.8,0.21547703180212016,0.82,1.0,0.9,0.82,0.74,"[[2323  507]
 [   0    0]]"
mistral,7B,visual,0.25,hateful,Yes,553,0.19540636042402826,329,0.11625441696113074,0.5357243816254417,0.6,0.2373851590106007,0.47,0.28,0.35,0.8,0.72,"[[2104  397]
 [ 173  156]]"
mistral,7B,visual,0.25,hateful,No,2277,0.8045936395759717,2501,0.8837455830388693,0.5357243816254417,0.6,0.2373851590106007,0.84,0.92,0.88,0.8,0.72,"[[2104  397]
 [ 173  156]]"
mistral,7B,visual,0.25,offensive,Yes,878,0.3102473498233215,1567,0.5537102473498233,0.7030388692579507,0.8,0.2943462897526502,0.41,0.73,0.52,0.59,0.66,"[[1023  240]
 [ 929  638]]"
mistral,7B,visual,0.25,offensive,No,1952,0.6897526501766784,1263,0.4462897526501767,0.7030388692579507,0.8,0.2943462897526502,0.81,0.52,0.64,0.59,0.66,"[[1023  240]
 [ 929  638]]"
mistral,7B,visual,0.25,toxic,Yes,507,0.17915194346289753,1,0.00035335689045936394,0.7169964664310954,0.8,0.2631802120141343,1.0,0.0,0.0,0.82,0.7,"[[2323  506]
 [   0    1]]"
mistral,7B,visual,0.25,toxic,No,2323,0.8208480565371025,2829,0.9996466431095407,0.7169964664310954,0.8,0.2631802120141343,0.82,1.0,0.9,0.82,0.7,"[[2323  506]
 [   0    1]]"
mistral,7B,visual,0.5,hateful,Yes,553,0.19540636042402826,378,0.13356890459363957,0.5766077738515901,0.6,0.27996466431095407,0.43,0.3,0.35,0.79,0.68,"[[2063  389]
 [ 214  164]]"
mistral,7B,visual,0.5,hateful,No,2277,0.8045936395759717,2452,0.8664310954063604,0.5766077738515901,0.6,0.27996466431095407,0.84,0.91,0.87,0.79,0.68,"[[2063  389]
 [ 214  164]]"
mistral,7B,visual,0.5,offensive,Yes,878,0.3102473498233215,1851,0.6540636042402826,0.7384452296819789,0.8,0.32720848056537105,0.37,0.77,0.5,0.51,0.61,"[[ 779  200]
 [1173  678]]"
mistral,7B,visual,0.5,offensive,No,1952,0.6897526501766784,979,0.3459363957597173,0.7384452296819789,0.8,0.32720848056537105,0.8,0.4,0.53,0.51,0.61,"[[ 779  200]
 [1173  678]]"
mistral,7B,visual,0.5,toxic,Yes,507,0.17915194346289753,2,0.0007067137809187279,0.7608833922261484,0.8,0.30049469964664316,1.0,0.0,0.01,0.82,0.66,"[[2323  505]
 [   0    2]]"
mistral,7B,visual,0.5,toxic,No,2323,0.8208480565371025,2828,0.9992932862190813,0.7608833922261484,0.8,0.30049469964664316,0.82,1.0,0.9,0.82,0.66,"[[2323  505]
 [   0    2]]"
mistral,7B-shielded,visual,0.5,hateful,Yes,553,0.19679715302491102,148,0.052669039145907474,0.4187544483985765,0.4,0.1419217081850534,0.59,0.16,0.25,0.81,0.77,"[[2197  465]
 [  60   88]]"
mistral,7B-shielded,visual,0.5,hateful,No,2257,0.8032028469750889,2662,0.9473309608540925,0.4187544483985765,0.4,0.1419217081850534,0.83,0.97,0.89,0.81,0.77,"[[2197  465]
 [  60   88]]"
mistral,7B-shielded,visual,0.5,offensive,Yes,878,0.3124555160142349,839,0.29857651245551603,0.5072953736654804,0.6,0.13523131672597866,0.56,0.53,0.54,0.72,0.77,"[[1560  411]
 [ 372  467]]"
mistral,7B-shielded,visual,0.5,offensive,No,1932,0.6875444839857652,1971,0.701423487544484,0.5072953736654804,0.6,0.13523131672597866,0.79,0.81,0.8,0.72,0.77,"[[1560  411]
 [ 372  467]]"
mistral,7B-shielded,visual,0.5,toxic,Yes,507,0.1804270462633452,2,0.0007117437722419929,0.5611387900355872,0.7,0.12875444839857653,1.0,0.0,0.01,0.82,0.77,"[[2303  505]
 [   0    2]]"
mistral,7B-shielded,visual,0.5,toxic,No,2303,0.8195729537366548,2808,0.999288256227758,0.5611387900355872,0.7,0.12875444839857653,0.82,1.0,0.9,0.82,0.77,"[[2303  505]
 [   0    2]]"
