Dataset,Prompting,Ratio,Category,Class,Support,Support %,Prediction,Prediction %,Precision,Recall,F1-Score,Accuracy,AUC,Confusion
legit,dces+ices,0.25,hateful,Yes,554,0.19513913349771045,1332,0.4691792884818598,0.35,0.83,0.49,0.66,0.77,"[[1415   92]
 [ 870  462]]"
legit,dces+ices,0.25,hateful,No,2285,0.8048608665022895,1507,0.5308207115181401,0.94,0.62,0.75,0.66,0.77,"[[1415   92]
 [ 870  462]]"
legit,dces+ices,0.25,offensive,Yes,879,0.30961606199365976,1453,0.5117999295526594,0.47,0.77,0.58,0.66,0.76,"[[1187  199]
 [ 773  680]]"
legit,dces+ices,0.25,offensive,No,1960,0.6903839380063402,1386,0.4882000704473406,0.86,0.61,0.71,0.66,0.76,"[[1187  199]
 [ 773  680]]"
legit,dces+ices,0.25,toxic,Yes,507,0.1785840084536809,1404,0.4945403311025009,0.25,0.69,0.37,0.57,0.67,"[[1278  157]
 [1054  350]]"
legit,dces+ices,0.25,toxic,No,2332,0.8214159915463192,1435,0.5054596688974992,0.89,0.55,0.68,0.57,0.67,"[[1278  157]
 [1054  350]]"
legit,dces+ices,0.5,hateful,Yes,553,0.19540636042402826,1388,0.49045936395759715,0.33,0.83,0.47,0.64,0.75,"[[1349   93]
 [ 928  460]]"
legit,dces+ices,0.5,hateful,No,2277,0.8045936395759717,1442,0.5095406360424029,0.94,0.59,0.73,0.64,0.75,"[[1349   93]
 [ 928  460]]"
legit,dces+ices,0.5,offensive,Yes,878,0.3102473498233215,1714,0.6056537102473498,0.43,0.85,0.57,0.61,0.73,"[[983 133]
 [969 745]]"
legit,dces+ices,0.5,offensive,No,1952,0.6897526501766784,1116,0.3943462897526502,0.88,0.5,0.64,0.61,0.73,"[[983 133]
 [969 745]]"
legit,dces+ices,0.5,toxic,Yes,507,0.17915194346289753,1584,0.5597173144876325,0.24,0.74,0.36,0.52,0.66,"[[1112  134]
 [1211  373]]"
legit,dces+ices,0.5,toxic,No,2323,0.8208480565371025,1246,0.4402826855123675,0.89,0.48,0.62,0.52,0.66,"[[1112  134]
 [1211  373]]"
legit,dces+ices,0.75,hateful,Yes,553,0.19540636042402826,1399,0.49434628975265016,0.34,0.85,0.48,0.64,0.75,"[[1347   84]
 [ 930  469]]"
legit,dces+ices,0.75,hateful,No,2277,0.8045936395759717,1431,0.5056537102473498,0.94,0.59,0.73,0.64,0.75,"[[1347   84]
 [ 930  469]]"
legit,dces+ices,0.75,offensive,Yes,878,0.3102473498233215,1704,0.6021201413427562,0.44,0.85,0.58,0.61,0.73,"[[991 135]
 [961 743]]"
legit,dces+ices,0.75,offensive,No,1952,0.6897526501766784,1126,0.3978798586572438,0.88,0.51,0.64,0.61,0.73,"[[991 135]
 [961 743]]"
legit,dces+ices,0.75,toxic,Yes,507,0.17915194346289753,1623,0.5734982332155477,0.23,0.75,0.36,0.52,0.66,"[[1079  128]
 [1244  379]]"
legit,dces+ices,0.75,toxic,No,2323,0.8208480565371025,1207,0.4265017667844523,0.89,0.46,0.61,0.52,0.66,"[[1079  128]
 [1244  379]]"
legit,dces+ices,1.0,hateful,Yes,552,0.1951219512195122,1457,0.5150229763167197,0.32,0.84,0.46,0.62,0.73,"[[1282   90]
 [ 995  462]]"
legit,dces+ices,1.0,hateful,No,2277,0.8048780487804879,1372,0.48497702368328033,0.93,0.56,0.7,0.62,0.73,"[[1282   90]
 [ 995  462]]"
legit,dces+ices,1.0,offensive,Yes,877,0.3100035348179569,2040,0.721102863202545,0.38,0.89,0.54,0.52,0.67,"[[ 696   93]
 [1256  784]]"
legit,dces+ices,1.0,offensive,No,1952,0.6899964651820432,789,0.2788971367974549,0.88,0.36,0.51,0.52,0.67,"[[ 696   93]
 [1256  784]]"
legit,dces+ices,1.0,toxic,Yes,507,0.1792152704135737,1876,0.6631318487097915,0.2,0.72,0.31,0.42,0.58,"[[ 812  141]
 [1510  366]]"
legit,dces+ices,1.0,toxic,No,2322,0.8207847295864263,953,0.33686815129020853,0.85,0.35,0.5,0.42,0.58,"[[ 812  141]
 [1510  366]]"
legit,legit,0.25,hateful,Yes,554,0.19513913349771045,1313,0.4624867911236351,0.35,0.83,0.49,0.67,0.77,"[[1432   94]
 [ 853  460]]"
legit,legit,0.25,hateful,No,2285,0.8048608665022895,1526,0.5375132088763649,0.94,0.63,0.75,0.67,0.77,"[[1432   94]
 [ 853  460]]"
legit,legit,0.25,offensive,Yes,879,0.30961606199365976,1434,0.5051074321944347,0.48,0.78,0.59,0.67,0.76,"[[1211  194]
 [ 749  685]]"
legit,legit,0.25,offensive,No,1960,0.6903839380063402,1405,0.49489256780556534,0.86,0.62,0.72,0.67,0.76,"[[1211  194]
 [ 749  685]]"
legit,legit,0.25,toxic,Yes,507,0.1785840084536809,1413,0.497710461430081,0.26,0.72,0.38,0.58,0.69,"[[1285  141]
 [1047  366]]"
legit,legit,0.25,toxic,No,2332,0.8214159915463192,1426,0.502289538569919,0.9,0.55,0.68,0.58,0.69,"[[1285  141]
 [1047  366]]"
legit,legit,0.5,hateful,Yes,553,0.19540636042402826,1372,0.48480565371024736,0.33,0.82,0.47,0.64,0.75,"[[1359   99]
 [ 918  454]]"
legit,legit,0.5,hateful,No,2277,0.8045936395759717,1458,0.5151943462897527,0.93,0.6,0.73,0.64,0.75,"[[1359   99]
 [ 918  454]]"
legit,legit,0.5,offensive,Yes,878,0.3102473498233215,1697,0.5996466431095406,0.44,0.85,0.58,0.62,0.73,"[[1001  132]
 [ 951  746]]"
legit,legit,0.5,offensive,No,1952,0.6897526501766784,1133,0.40035335689045937,0.88,0.51,0.65,0.62,0.73,"[[1001  132]
 [ 951  746]]"
legit,legit,0.5,toxic,Yes,507,0.17915194346289753,1586,0.5604240282685512,0.24,0.74,0.36,0.53,0.66,"[[1112  132]
 [1211  375]]"
legit,legit,0.5,toxic,No,2323,0.8208480565371025,1244,0.43957597173144874,0.89,0.48,0.62,0.53,0.66,"[[1112  132]
 [1211  375]]"
legit,legit,0.75,hateful,Yes,553,0.19540636042402826,1378,0.48692579505300354,0.33,0.83,0.48,0.64,0.76,"[[1358   94]
 [ 919  459]]"
legit,legit,0.75,hateful,No,2277,0.8045936395759717,1452,0.5130742049469965,0.94,0.6,0.73,0.64,0.76,"[[1358   94]
 [ 919  459]]"
legit,legit,0.75,offensive,Yes,878,0.3102473498233215,1688,0.5964664310954063,0.44,0.84,0.58,0.62,0.73,"[[1005  137]
 [ 947  741]]"
legit,legit,0.75,offensive,No,1952,0.6897526501766784,1142,0.40353356890459363,0.88,0.51,0.65,0.62,0.73,"[[1005  137]
 [ 947  741]]"
legit,legit,0.75,toxic,Yes,507,0.17915194346289753,1585,0.5600706713780919,0.23,0.73,0.35,0.52,0.65,"[[1108  137]
 [1215  370]]"
legit,legit,0.75,toxic,No,2323,0.8208480565371025,1245,0.43992932862190814,0.89,0.48,0.62,0.52,0.65,"[[1108  137]
 [1215  370]]"
legit,legit,1.0,hateful,Yes,553,0.19540636042402826,1387,0.4901060070671378,0.33,0.82,0.47,0.63,0.73,"[[1343  100]
 [ 934  453]]"
legit,legit,1.0,hateful,No,2277,0.8045936395759717,1443,0.5098939929328622,0.93,0.59,0.72,0.63,0.73,"[[1343  100]
 [ 934  453]]"
legit,legit,1.0,offensive,Yes,878,0.3102473498233215,1964,0.6939929328621908,0.39,0.88,0.54,0.54,0.68,"[[ 762  104]
 [1190  774]]"
legit,legit,1.0,offensive,No,1952,0.6897526501766784,866,0.3060070671378092,0.88,0.39,0.54,0.54,0.68,"[[ 762  104]
 [1190  774]]"
legit,legit,1.0,toxic,Yes,507,0.17915194346289753,1846,0.6522968197879858,0.2,0.74,0.32,0.43,0.59,"[[ 854  130]
 [1469  377]]"
legit,legit,1.0,toxic,No,2323,0.8208480565371025,984,0.34770318021201413,0.87,0.37,0.52,0.43,0.59,"[[ 854  130]
 [1469  377]]"
legit,legit-recovery-replace,0.25,hateful,Yes,553,0.19540636042402826,961,0.33957597173144877,0.41,0.71,0.52,0.74,0.77,"[[1709  160]
 [ 568  393]]"
legit,legit-recovery-replace,0.25,hateful,No,2277,0.8045936395759717,1869,0.6604240282685513,0.91,0.75,0.82,0.74,0.77,"[[1709  160]
 [ 568  393]]"
legit,legit-recovery-replace,0.25,offensive,Yes,878,0.3102473498233215,846,0.2989399293286219,0.59,0.57,0.58,0.74,0.82,"[[1607  377]
 [ 345  501]]"
legit,legit-recovery-replace,0.25,offensive,No,1952,0.6897526501766784,1984,0.7010600706713781,0.81,0.82,0.82,0.74,0.82,"[[1607  377]
 [ 345  501]]"
legit,legit-recovery-replace,0.25,toxic,Yes,507,0.17915194346289753,1141,0.4031802120141343,0.34,0.77,0.47,0.69,0.76,"[[1571  118]
 [ 752  389]]"
legit,legit-recovery-replace,0.25,toxic,No,2323,0.8208480565371025,1689,0.5968197879858658,0.93,0.68,0.78,0.69,0.76,"[[1571  118]
 [ 752  389]]"
legit,legit-recovery-replace,0.5,hateful,Yes,553,0.19540636042402826,950,0.33568904593639576,0.4,0.69,0.51,0.74,0.76,"[[1711  169]
 [ 566  384]]"
legit,legit-recovery-replace,0.5,hateful,No,2277,0.8045936395759717,1880,0.6643109540636042,0.91,0.75,0.82,0.74,0.76,"[[1711  169]
 [ 566  384]]"
legit,legit-recovery-replace,0.5,offensive,Yes,878,0.3102473498233215,925,0.32685512367491165,0.57,0.6,0.58,0.74,0.8,"[[1554  351]
 [ 398  527]]"
legit,legit-recovery-replace,0.5,offensive,No,1952,0.6897526501766784,1905,0.6731448763250883,0.82,0.8,0.81,0.74,0.8,"[[1554  351]
 [ 398  527]]"
legit,legit-recovery-replace,0.5,toxic,Yes,507,0.17915194346289753,1233,0.43568904593639574,0.33,0.79,0.46,0.67,0.75,"[[1492  105]
 [ 831  402]]"
legit,legit-recovery-replace,0.5,toxic,No,2323,0.8208480565371025,1597,0.5643109540636042,0.93,0.64,0.76,0.67,0.75,"[[1492  105]
 [ 831  402]]"
legit,legit-recovery-replace,0.75,hateful,Yes,553,0.19561372479660416,950,0.3360452776795189,0.41,0.71,0.52,0.74,0.77,"[[1714  163]
 [ 560  390]]"
legit,legit-recovery-replace,0.75,hateful,No,2274,0.8043862752033958,1877,0.663954722320481,0.91,0.75,0.83,0.74,0.77,"[[1714  163]
 [ 560  390]]"
legit,legit-recovery-replace,0.75,offensive,Yes,877,0.3102228510788822,1071,0.3788468340997524,0.54,0.66,0.59,0.72,0.79,"[[1457  299]
 [ 493  578]]"
legit,legit-recovery-replace,0.75,offensive,No,1950,0.6897771489211177,1756,0.6211531659002476,0.83,0.75,0.79,0.72,0.79,"[[1457  299]
 [ 493  578]]"
legit,legit-recovery-replace,0.75,toxic,Yes,507,0.17934205871949063,1360,0.48107534488857445,0.29,0.79,0.43,0.62,0.71,"[[1358  109]
 [ 962  398]]"
legit,legit-recovery-replace,0.75,toxic,No,2320,0.8206579412805094,1467,0.5189246551114255,0.93,0.59,0.72,0.62,0.71,"[[1358  109]
 [ 962  398]]"
legit,legit-recovery-replace,1.0,hateful,Yes,553,0.19540636042402826,952,0.3363957597173145,0.41,0.7,0.51,0.74,0.76,"[[1712  166]
 [ 565  387]]"
legit,legit-recovery-replace,1.0,hateful,No,2277,0.8045936395759717,1878,0.6636042402826855,0.91,0.75,0.82,0.74,0.76,"[[1712  166]
 [ 565  387]]"
legit,legit-recovery-replace,1.0,offensive,Yes,878,0.3102473498233215,1120,0.3957597173144876,0.53,0.68,0.6,0.72,0.79,"[[1429  281]
 [ 523  597]]"
legit,legit-recovery-replace,1.0,offensive,No,1952,0.6897526501766784,1710,0.6042402826855123,0.84,0.73,0.78,0.72,0.79,"[[1429  281]
 [ 523  597]]"
legit,legit-recovery-replace,1.0,toxic,Yes,507,0.17915194346289753,1447,0.5113074204946997,0.3,0.85,0.44,0.61,0.73,"[[1306   77]
 [1017  430]]"
legit,legit-recovery-replace,1.0,toxic,No,2323,0.8208480565371025,1383,0.4886925795053004,0.94,0.56,0.7,0.61,0.73,"[[1306   77]
 [1017  430]]"
legit,zeroshot,0.25,hateful,Yes,554,0.19513913349771045,1645,0.5794293765410355,0.31,0.92,0.46,0.59,0.76,"[[1151   43]
 [1134  511]]"
legit,zeroshot,0.25,hateful,No,2285,0.8048608665022895,1194,0.4205706234589644,0.96,0.5,0.66,0.59,0.76,"[[1151   43]
 [1134  511]]"
legit,zeroshot,0.25,offensive,Yes,879,0.30961606199365976,1395,0.4913702007749208,0.48,0.76,0.59,0.67,0.75,"[[1235  209]
 [ 725  670]]"
legit,zeroshot,0.25,offensive,No,1960,0.6903839380063402,1444,0.5086297992250792,0.86,0.63,0.73,0.67,0.75,"[[1235  209]
 [ 725  670]]"
legit,zeroshot,0.25,toxic,Yes,507,0.1785840084536809,1608,0.5663966185276506,0.23,0.71,0.34,0.51,0.63,"[[1086  145]
 [1246  362]]"
legit,zeroshot,0.25,toxic,No,2332,0.8214159915463192,1231,0.4336033814723494,0.88,0.47,0.61,0.51,0.63,"[[1086  145]
 [1246  362]]"
legit,zeroshot,0.5,hateful,Yes,553,0.19540636042402826,1722,0.6084805653710247,0.29,0.92,0.45,0.55,0.74,"[[1062   46]
 [1215  507]]"
legit,zeroshot,0.5,hateful,No,2277,0.8045936395759717,1108,0.39151943462897526,0.96,0.47,0.63,0.55,0.74,"[[1062   46]
 [1215  507]]"
legit,zeroshot,0.5,offensive,Yes,878,0.3102473498233215,1753,0.619434628975265,0.42,0.85,0.57,0.6,0.71,"[[ 944  133]
 [1008  745]]"
legit,zeroshot,0.5,offensive,No,1952,0.6897526501766784,1077,0.380565371024735,0.88,0.48,0.62,0.6,0.71,"[[ 944  133]
 [1008  745]]"
legit,zeroshot,0.5,toxic,Yes,507,0.17915194346289753,1802,0.6367491166077739,0.21,0.73,0.32,0.45,0.6,"[[ 891  137]
 [1432  370]]"
legit,zeroshot,0.5,toxic,No,2323,0.8208480565371025,1028,0.36325088339222616,0.87,0.38,0.53,0.45,0.6,"[[ 891  137]
 [1432  370]]"
legit,zeroshot,0.75,hateful,Yes,553,0.19540636042402826,1774,0.6268551236749117,0.29,0.92,0.44,0.54,0.74,"[[1010   46]
 [1267  507]]"
legit,zeroshot,0.75,hateful,No,2277,0.8045936395759717,1056,0.37314487632508836,0.96,0.44,0.61,0.54,0.74,"[[1010   46]
 [1267  507]]"
legit,zeroshot,0.75,offensive,Yes,878,0.3102473498233215,1931,0.6823321554770319,0.4,0.89,0.56,0.56,0.69,"[[ 802   97]
 [1150  781]]"
legit,zeroshot,0.75,offensive,No,1952,0.6897526501766784,899,0.3176678445229682,0.89,0.41,0.56,0.56,0.69,"[[ 802   97]
 [1150  781]]"
legit,zeroshot,0.75,toxic,Yes,507,0.17915194346289753,1865,0.6590106007067138,0.2,0.74,0.31,0.43,0.59,"[[ 831  134]
 [1492  373]]"
legit,zeroshot,0.75,toxic,No,2323,0.8208480565371025,965,0.3409893992932862,0.86,0.36,0.51,0.43,0.59,"[[ 831  134]
 [1492  373]]"
legit,zeroshot,1.0,hateful,Yes,553,0.19540636042402826,1779,0.6286219081272085,0.28,0.92,0.43,0.53,0.73,"[[1004   47]
 [1273  506]]"
legit,zeroshot,1.0,hateful,No,2277,0.8045936395759717,1051,0.3713780918727915,0.96,0.44,0.6,0.53,0.73,"[[1004   47]
 [1273  506]]"
legit,zeroshot,1.0,offensive,Yes,878,0.3102473498233215,2066,0.7300353356890459,0.38,0.89,0.53,0.51,0.65,"[[ 670   94]
 [1282  784]]"
legit,zeroshot,1.0,offensive,No,1952,0.6897526501766784,764,0.26996466431095406,0.88,0.34,0.49,0.51,0.65,"[[ 670   94]
 [1282  784]]"
legit,zeroshot,1.0,toxic,Yes,507,0.17915194346289753,1928,0.6812720848056537,0.19,0.73,0.31,0.4,0.56,"[[ 767  135]
 [1556  372]]"
legit,zeroshot,1.0,toxic,No,2323,0.8208480565371025,902,0.3187279151943463,0.85,0.33,0.48,0.4,0.56,"[[ 767  135]
 [1556  372]]"
legit+dces+ices,legit+dces+ices,0.25,hateful,Yes,553,0.19540636042402826,1528,0.5399293286219081,0.32,0.89,0.47,0.61,0.77,"[[1241   61]
 [1036  492]]"
legit+dces+ices,legit+dces+ices,0.25,hateful,No,2277,0.8045936395759717,1302,0.4600706713780919,0.95,0.55,0.69,0.61,0.77,"[[1241   61]
 [1036  492]]"
legit+dces+ices,legit+dces+ices,0.25,offensive,Yes,878,0.3102473498233215,1630,0.5759717314487632,0.45,0.84,0.59,0.63,0.73,"[[1059  141]
 [ 893  737]]"
legit+dces+ices,legit+dces+ices,0.25,offensive,No,1952,0.6897526501766784,1200,0.42402826855123676,0.88,0.54,0.67,0.63,0.73,"[[1059  141]
 [ 893  737]]"
legit+dces+ices,legit+dces+ices,0.25,toxic,Yes,507,0.17915194346289753,1512,0.5342756183745583,0.23,0.68,0.34,0.53,0.65,"[[1154  164]
 [1169  343]]"
legit+dces+ices,legit+dces+ices,0.25,toxic,No,2323,0.8208480565371025,1318,0.4657243816254417,0.88,0.5,0.63,0.53,0.65,"[[1154  164]
 [1169  343]]"
legit+dces+ices,legit+dces+ices,0.5,hateful,Yes,553,0.19540636042402826,1585,0.5600706713780919,0.31,0.89,0.46,0.59,0.75,"[[1183   62]
 [1094  491]]"
legit+dces+ices,legit+dces+ices,0.5,hateful,No,2277,0.8045936395759717,1245,0.43992932862190814,0.95,0.52,0.67,0.59,0.75,"[[1183   62]
 [1094  491]]"
legit+dces+ices,legit+dces+ices,0.5,offensive,Yes,878,0.3102473498233215,1906,0.6734982332155477,0.41,0.89,0.56,0.57,0.7,"[[ 828   96]
 [1124  782]]"
legit+dces+ices,legit+dces+ices,0.5,offensive,No,1952,0.6897526501766784,924,0.3265017667844523,0.9,0.42,0.58,0.57,0.7,"[[ 828   96]
 [1124  782]]"
legit+dces+ices,legit+dces+ices,0.5,toxic,Yes,507,0.17915194346289753,1729,0.6109540636042403,0.21,0.71,0.32,0.46,0.61,"[[ 953  148]
 [1370  359]]"
legit+dces+ices,legit+dces+ices,0.5,toxic,No,2323,0.8208480565371025,1101,0.38904593639575974,0.87,0.41,0.56,0.46,0.61,"[[ 953  148]
 [1370  359]]"
legit+dces+ices,legit+dces+ices,0.75,hateful,Yes,553,0.19540636042402826,1551,0.5480565371024735,0.3,0.85,0.45,0.59,0.73,"[[1197   82]
 [1080  471]]"
legit+dces+ices,legit+dces+ices,0.75,hateful,No,2277,0.8045936395759717,1279,0.4519434628975265,0.94,0.53,0.67,0.59,0.73,"[[1197   82]
 [1080  471]]"
legit+dces+ices,legit+dces+ices,0.75,offensive,Yes,878,0.3102473498233215,2086,0.7371024734982332,0.38,0.91,0.54,0.52,0.67,"[[ 669   75]
 [1283  803]]"
legit+dces+ices,legit+dces+ices,0.75,offensive,No,1952,0.6897526501766784,744,0.2628975265017668,0.9,0.34,0.5,0.52,0.67,"[[ 669   75]
 [1283  803]]"
legit+dces+ices,legit+dces+ices,0.75,toxic,Yes,507,0.17915194346289753,1845,0.6519434628975265,0.2,0.72,0.31,0.43,0.59,"[[ 842  143]
 [1481  364]]"
legit+dces+ices,legit+dces+ices,0.75,toxic,No,2323,0.8208480565371025,985,0.3480565371024735,0.85,0.36,0.51,0.43,0.59,"[[ 842  143]
 [1481  364]]"
legit+dces+ices,legit+dces+ices,1.0,hateful,Yes,553,0.19540636042402826,1539,0.5438162544169611,0.31,0.86,0.45,0.6,0.73,"[[1213   78]
 [1064  475]]"
legit+dces+ices,legit+dces+ices,1.0,hateful,No,2277,0.8045936395759717,1291,0.45618374558303887,0.94,0.53,0.68,0.6,0.73,"[[1213   78]
 [1064  475]]"
legit+dces+ices,legit+dces+ices,1.0,offensive,Yes,878,0.3102473498233215,2167,0.7657243816254417,0.37,0.9,0.52,0.49,0.64,"[[ 579   84]
 [1373  794]]"
legit+dces+ices,legit+dces+ices,1.0,offensive,No,1952,0.6897526501766784,663,0.2342756183745583,0.87,0.3,0.44,0.49,0.64,"[[ 579   84]
 [1373  794]]"
legit+dces+ices,legit+dces+ices,1.0,toxic,Yes,507,0.17915194346289753,1907,0.673851590106007,0.18,0.69,0.29,0.4,0.56,"[[ 768  155]
 [1555  352]]"
legit+dces+ices,legit+dces+ices,1.0,toxic,No,2323,0.8208480565371025,923,0.3261484098939929,0.83,0.33,0.47,0.4,0.56,"[[ 768  155]
 [1555  352]]"
legit+dces+ices,legit+ices+dces-recovery-replace,0.25,hateful,Yes,553,0.19540636042402826,940,0.3321554770318021,0.41,0.69,0.51,0.74,0.76,"[[1719  171]
 [ 558  382]]"
legit+dces+ices,legit+ices+dces-recovery-replace,0.25,hateful,No,2277,0.8045936395759717,1890,0.6678445229681979,0.91,0.75,0.83,0.74,0.76,"[[1719  171]
 [ 558  382]]"
legit+dces+ices,legit+ices+dces-recovery-replace,0.25,offensive,Yes,878,0.3102473498233215,868,0.3067137809187279,0.58,0.57,0.57,0.74,0.8,"[[1584  378]
 [ 368  500]]"
legit+dces+ices,legit+ices+dces-recovery-replace,0.25,offensive,No,1952,0.6897526501766784,1962,0.6932862190812721,0.81,0.81,0.81,0.74,0.8,"[[1584  378]
 [ 368  500]]"
legit+dces+ices,legit+ices+dces-recovery-replace,0.25,toxic,Yes,507,0.17915194346289753,1130,0.3992932862190813,0.33,0.74,0.46,0.69,0.75,"[[1570  130]
 [ 753  377]]"
legit+dces+ices,legit+ices+dces-recovery-replace,0.25,toxic,No,2323,0.8208480565371025,1700,0.6007067137809188,0.92,0.68,0.78,0.69,0.75,"[[1570  130]
 [ 753  377]]"
legit+dces+ices,legit+ices+dces-recovery-replace,0.5,hateful,Yes,552,0.19519094766619519,941,0.33274398868458277,0.42,0.71,0.53,0.75,0.77,"[[1727  160]
 [ 549  392]]"
legit+dces+ices,legit+ices+dces-recovery-replace,0.5,hateful,No,2276,0.8048090523338048,1887,0.6672560113154172,0.92,0.76,0.83,0.75,0.77,"[[1727  160]
 [ 549  392]]"
legit+dces+ices,legit+ices+dces-recovery-replace,0.5,offensive,Yes,877,0.31011315417256013,968,0.3422913719943423,0.55,0.6,0.57,0.72,0.79,"[[1512  348]
 [ 439  529]]"
legit+dces+ices,legit+ices+dces-recovery-replace,0.5,offensive,No,1951,0.6898868458274399,1860,0.6577086280056577,0.81,0.77,0.79,0.72,0.79,"[[1512  348]
 [ 439  529]]"
legit+dces+ices,legit+ices+dces-recovery-replace,0.5,toxic,Yes,506,0.1789250353606789,1257,0.4444837340876945,0.32,0.79,0.45,0.66,0.74,"[[1465  106]
 [ 857  400]]"
legit+dces+ices,legit+ices+dces-recovery-replace,0.5,toxic,No,2322,0.8210749646393211,1571,0.5555162659123055,0.93,0.63,0.75,0.66,0.74,"[[1465  106]
 [ 857  400]]"
legit+dces+ices,legit+ices+dces-recovery-replace,0.75,hateful,Yes,553,0.19540636042402826,925,0.32685512367491165,0.4,0.67,0.5,0.74,0.75,"[[1725  180]
 [ 552  373]]"
legit+dces+ices,legit+ices+dces-recovery-replace,0.75,hateful,No,2277,0.8045936395759717,1905,0.6731448763250883,0.91,0.76,0.82,0.74,0.75,"[[1725  180]
 [ 552  373]]"
legit+dces+ices,legit+ices+dces-recovery-replace,0.75,offensive,Yes,878,0.3102473498233215,1097,0.38763250883392225,0.52,0.65,0.58,0.71,0.78,"[[1430  303]
 [ 522  575]]"
legit+dces+ices,legit+ices+dces-recovery-replace,0.75,offensive,No,1952,0.6897526501766784,1733,0.6123674911660777,0.83,0.73,0.78,0.71,0.78,"[[1430  303]
 [ 522  575]]"
legit+dces+ices,legit+ices+dces-recovery-replace,0.75,toxic,Yes,507,0.17915194346289753,1407,0.4971731448763251,0.3,0.83,0.44,0.62,0.73,"[[1337   86]
 [ 986  421]]"
legit+dces+ices,legit+ices+dces-recovery-replace,0.75,toxic,No,2323,0.8208480565371025,1423,0.5028268551236749,0.94,0.58,0.71,0.62,0.73,"[[1337   86]
 [ 986  421]]"
legit+dces+ices,legit+ices+dces-recovery-replace,1.0,hateful,Yes,553,0.19589089620970598,934,0.33085370173574213,0.4,0.67,0.5,0.74,0.74,"[[1709  180]
 [ 561  373]]"
legit+dces+ices,legit+ices+dces-recovery-replace,1.0,hateful,No,2270,0.804109103790294,1889,0.6691462982642579,0.9,0.75,0.82,0.74,0.74,"[[1709  180]
 [ 561  373]]"
legit+dces+ices,legit+ices+dces-recovery-replace,1.0,offensive,Yes,877,0.3106624158696422,1177,0.4169323414806943,0.51,0.68,0.58,0.7,0.77,"[[1368  278]
 [ 578  599]]"
legit+dces+ices,legit+ices+dces-recovery-replace,1.0,offensive,No,1946,0.6893375841303577,1646,0.5830676585193058,0.83,0.7,0.76,0.7,0.77,"[[1368  278]
 [ 578  599]]"
legit+dces+ices,legit+ices+dces-recovery-replace,1.0,toxic,Yes,507,0.179596174282678,1487,0.5267445979454481,0.28,0.83,0.42,0.59,0.71,"[[1252   84]
 [1064  423]]"
legit+dces+ices,legit+ices+dces-recovery-replace,1.0,toxic,No,2316,0.820403825717322,1336,0.4732554020545519,0.94,0.54,0.69,0.59,0.71,"[[1252   84]
 [1064  423]]"
legit+dces+ices,visual+phonetic+typo,0.25,hateful,Yes,553,0.19540636042402826,1575,0.5565371024734982,0.31,0.9,0.47,0.6,0.76,"[[1197   58]
 [1080  495]]"
legit+dces+ices,visual+phonetic+typo,0.25,hateful,No,2277,0.8045936395759717,1255,0.44346289752650175,0.95,0.53,0.68,0.6,0.76,"[[1197   58]
 [1080  495]]"
legit+dces+ices,visual+phonetic+typo,0.25,offensive,Yes,878,0.3102473498233215,1726,0.6098939929328622,0.44,0.86,0.58,0.61,0.73,"[[980 124]
 [972 754]]"
legit+dces+ices,visual+phonetic+typo,0.25,offensive,No,1952,0.6897526501766784,1104,0.3901060070671378,0.89,0.5,0.64,0.61,0.73,"[[980 124]
 [972 754]]"
legit+dces+ices,visual+phonetic+typo,0.25,toxic,Yes,507,0.17915194346289753,1551,0.5480565371024735,0.22,0.67,0.33,0.51,0.65,"[[1113  166]
 [1210  341]]"
legit+dces+ices,visual+phonetic+typo,0.25,toxic,No,2323,0.8208480565371025,1279,0.4519434628975265,0.87,0.48,0.62,0.51,0.65,"[[1113  166]
 [1210  341]]"
legit+dces+ices,visual+phonetic+typo,0.5,hateful,Yes,553,0.19540636042402826,1634,0.5773851590106007,0.3,0.9,0.46,0.58,0.75,"[[1141   55]
 [1136  498]]"
legit+dces+ices,visual+phonetic+typo,0.5,hateful,No,2277,0.8045936395759717,1196,0.4226148409893993,0.95,0.5,0.66,0.58,0.75,"[[1141   55]
 [1136  498]]"
legit+dces+ices,visual+phonetic+typo,0.5,offensive,Yes,878,0.3102473498233215,1978,0.6989399293286219,0.4,0.9,0.56,0.55,0.7,"[[ 767   85]
 [1185  793]]"
legit+dces+ices,visual+phonetic+typo,0.5,offensive,No,1952,0.6897526501766784,852,0.3010600706713781,0.9,0.39,0.55,0.55,0.7,"[[ 767   85]
 [1185  793]]"
legit+dces+ices,visual+phonetic+typo,0.5,toxic,Yes,507,0.17915194346289753,1781,0.6293286219081272,0.21,0.72,0.32,0.45,0.62,"[[ 908  141]
 [1415  366]]"
legit+dces+ices,visual+phonetic+typo,0.5,toxic,No,2323,0.8208480565371025,1049,0.3706713780918728,0.87,0.39,0.54,0.45,0.62,"[[ 908  141]
 [1415  366]]"
legit+dces+ices,visual+phonetic+typo,0.75,hateful,Yes,553,0.19540636042402826,1574,0.5561837455830388,0.31,0.87,0.45,0.59,0.73,"[[1185   71]
 [1092  482]]"
legit+dces+ices,visual+phonetic+typo,0.75,hateful,No,2277,0.8045936395759717,1256,0.44381625441696115,0.94,0.52,0.67,0.59,0.73,"[[1185   71]
 [1092  482]]"
legit+dces+ices,visual+phonetic+typo,0.75,offensive,Yes,878,0.3102473498233215,2151,0.7600706713780919,0.38,0.92,0.53,0.5,0.67,"[[ 609   70]
 [1343  808]]"
legit+dces+ices,visual+phonetic+typo,0.75,offensive,No,1952,0.6897526501766784,679,0.23992932862190813,0.9,0.31,0.46,0.5,0.67,"[[ 609   70]
 [1343  808]]"
legit+dces+ices,visual+phonetic+typo,0.75,toxic,Yes,507,0.17915194346289753,1873,0.6618374558303887,0.2,0.72,0.31,0.42,0.59,"[[ 817  140]
 [1506  367]]"
legit+dces+ices,visual+phonetic+typo,0.75,toxic,No,2323,0.8208480565371025,957,0.33816254416961133,0.85,0.35,0.5,0.42,0.59,"[[ 817  140]
 [1506  367]]"
legit+dces+ices,visual+phonetic+typo,1.0,hateful,Yes,553,0.19540636042402826,1540,0.5441696113074205,0.31,0.85,0.45,0.59,0.73,"[[1208   82]
 [1069  471]]"
legit+dces+ices,visual+phonetic+typo,1.0,hateful,No,2277,0.8045936395759717,1290,0.4558303886925795,0.94,0.53,0.68,0.59,0.73,"[[1208   82]
 [1069  471]]"
legit+dces+ices,visual+phonetic+typo,1.0,offensive,Yes,878,0.3102473498233215,2258,0.7978798586572439,0.36,0.93,0.52,0.47,0.64,"[[ 509   63]
 [1443  815]]"
legit+dces+ices,visual+phonetic+typo,1.0,offensive,No,1952,0.6897526501766784,572,0.2021201413427562,0.89,0.26,0.4,0.47,0.64,"[[ 509   63]
 [1443  815]]"
legit+dces+ices,visual+phonetic+typo,1.0,toxic,Yes,507,0.17915194346289753,1912,0.6756183745583039,0.19,0.72,0.3,0.4,0.59,"[[ 774  144]
 [1549  363]]"
legit+dces+ices,visual+phonetic+typo,1.0,toxic,No,2323,0.8208480565371025,918,0.32438162544169613,0.84,0.33,0.48,0.4,0.59,"[[ 774  144]
 [1549  363]]"
legit+dces+ices,zeroshot,0.25,hateful,Yes,554,0.19513913349771045,1663,0.5857696371961958,0.3,0.9,0.45,0.57,0.76,"[[1121   55]
 [1164  499]]"
legit+dces+ices,zeroshot,0.25,hateful,No,2285,0.8048608665022895,1176,0.41423036280380415,0.95,0.49,0.65,0.57,0.76,"[[1121   55]
 [1164  499]]"
legit+dces+ices,zeroshot,0.25,offensive,Yes,879,0.30961606199365976,1466,0.5163790066924974,0.46,0.77,0.58,0.65,0.73,"[[1170  203]
 [ 790  676]]"
legit+dces+ices,zeroshot,0.25,offensive,No,1960,0.6903839380063402,1373,0.48362099330750263,0.85,0.6,0.7,0.65,0.73,"[[1170  203]
 [ 790  676]]"
legit+dces+ices,zeroshot,0.25,toxic,Yes,507,0.1785840084536809,1646,0.5797816132441,0.22,0.72,0.34,0.5,0.63,"[[1052  141]
 [1280  366]]"
legit+dces+ices,zeroshot,0.25,toxic,No,2332,0.8214159915463192,1193,0.42021838675589995,0.88,0.45,0.6,0.5,0.63,"[[1052  141]
 [1280  366]]"
legit+dces+ices,zeroshot,0.5,hateful,Yes,553,0.19540636042402826,1828,0.6459363957597173,0.28,0.94,0.44,0.53,0.74,"[[ 968   34]
 [1309  519]]"
legit+dces+ices,zeroshot,0.5,hateful,No,2277,0.8045936395759717,1002,0.35406360424028266,0.97,0.43,0.59,0.53,0.74,"[[ 968   34]
 [1309  519]]"
legit+dces+ices,zeroshot,0.5,offensive,Yes,878,0.3102473498233215,1931,0.6823321554770319,0.41,0.9,0.56,0.56,0.7,"[[ 808   91]
 [1144  787]]"
legit+dces+ices,zeroshot,0.5,offensive,No,1952,0.6897526501766784,899,0.3176678445229682,0.9,0.41,0.57,0.56,0.7,"[[ 808   91]
 [1144  787]]"
legit+dces+ices,zeroshot,0.5,toxic,Yes,507,0.17915194346289753,1882,0.665017667844523,0.21,0.76,0.32,0.43,0.61,"[[ 828  120]
 [1495  387]]"
legit+dces+ices,zeroshot,0.5,toxic,No,2323,0.8208480565371025,948,0.334982332155477,0.87,0.36,0.51,0.43,0.61,"[[ 828  120]
 [1495  387]]"
legit+dces+ices,zeroshot,0.75,hateful,Yes,553,0.19540636042402826,1839,0.6498233215547703,0.28,0.93,0.43,0.52,0.74,"[[ 953   38]
 [1324  515]]"
legit+dces+ices,zeroshot,0.75,hateful,No,2277,0.8045936395759717,991,0.3501766784452297,0.96,0.42,0.58,0.52,0.74,"[[ 953   38]
 [1324  515]]"
legit+dces+ices,zeroshot,0.75,offensive,Yes,878,0.3102473498233215,2087,0.7374558303886926,0.39,0.92,0.55,0.52,0.67,"[[ 673   70]
 [1279  808]]"
legit+dces+ices,zeroshot,0.75,offensive,No,1952,0.6897526501766784,743,0.26254416961130744,0.91,0.34,0.5,0.52,0.67,"[[ 673   70]
 [1279  808]]"
legit+dces+ices,zeroshot,0.75,toxic,Yes,507,0.17915194346289753,1925,0.6802120141342756,0.2,0.77,0.32,0.42,0.61,"[[ 789  116]
 [1534  391]]"
legit+dces+ices,zeroshot,0.75,toxic,No,2323,0.8208480565371025,905,0.3197879858657244,0.87,0.34,0.49,0.42,0.61,"[[ 789  116]
 [1534  391]]"
legit+dces+ices,zeroshot,1.0,hateful,Yes,553,0.19540636042402826,1785,0.6307420494699647,0.28,0.9,0.43,0.53,0.72,"[[ 989   56]
 [1288  497]]"
legit+dces+ices,zeroshot,1.0,hateful,No,2277,0.8045936395759717,1045,0.36925795053003535,0.95,0.43,0.6,0.53,0.72,"[[ 989   56]
 [1288  497]]"
legit+dces+ices,zeroshot,1.0,offensive,Yes,878,0.3102473498233215,2166,0.7653710247349823,0.37,0.9,0.52,0.48,0.63,"[[ 577   87]
 [1375  791]]"
legit+dces+ices,zeroshot,1.0,offensive,No,1952,0.6897526501766784,664,0.23462897526501766,0.87,0.3,0.44,0.48,0.63,"[[ 577   87]
 [1375  791]]"
legit+dces+ices,zeroshot,1.0,toxic,Yes,507,0.17915194346289753,1919,0.6780918727915194,0.19,0.71,0.3,0.4,0.55,"[[ 765  146]
 [1558  361]]"
legit+dces+ices,zeroshot,1.0,toxic,No,2323,0.8208480565371025,911,0.32190812720848055,0.84,0.33,0.47,0.4,0.55,"[[ 765  146]
 [1558  361]]"
legit+phonee+zeroe-typo,legit+phonee+zeroe-typo,0.25,hateful,Yes,553,0.19540636042402826,1460,0.5159010600706714,0.34,0.9,0.49,0.64,0.78,"[[1313   57]
 [ 964  496]]"
legit+phonee+zeroe-typo,legit+phonee+zeroe-typo,0.25,hateful,No,2277,0.8045936395759717,1370,0.4840989399293286,0.96,0.58,0.72,0.64,0.78,"[[1313   57]
 [ 964  496]]"
legit+phonee+zeroe-typo,legit+phonee+zeroe-typo,0.25,offensive,Yes,878,0.3102473498233215,1694,0.5985865724381625,0.44,0.86,0.59,0.62,0.73,"[[1011  125]
 [ 941  753]]"
legit+phonee+zeroe-typo,legit+phonee+zeroe-typo,0.25,offensive,No,1952,0.6897526501766784,1136,0.40141342756183745,0.89,0.52,0.65,0.62,0.73,"[[1011  125]
 [ 941  753]]"
legit+phonee+zeroe-typo,legit+phonee+zeroe-typo,0.25,toxic,Yes,507,0.17915194346289753,1600,0.5653710247349824,0.23,0.74,0.35,0.52,0.65,"[[1096  134]
 [1227  373]]"
legit+phonee+zeroe-typo,legit+phonee+zeroe-typo,0.25,toxic,No,2323,0.8208480565371025,1230,0.43462897526501765,0.89,0.47,0.62,0.52,0.65,"[[1096  134]
 [1227  373]]"
legit+phonee+zeroe-typo,legit+phonee+zeroe-typo,0.5,hateful,Yes,553,0.19540636042402826,1546,0.5462897526501767,0.32,0.9,0.47,0.61,0.77,"[[1229   55]
 [1048  498]]"
legit+phonee+zeroe-typo,legit+phonee+zeroe-typo,0.5,hateful,No,2277,0.8045936395759717,1284,0.45371024734982335,0.96,0.54,0.69,0.61,0.77,"[[1229   55]
 [1048  498]]"
legit+phonee+zeroe-typo,legit+phonee+zeroe-typo,0.5,offensive,Yes,878,0.3102473498233215,1973,0.6971731448763251,0.4,0.9,0.55,0.55,0.7,"[[ 769   88]
 [1183  790]]"
legit+phonee+zeroe-typo,legit+phonee+zeroe-typo,0.5,offensive,No,1952,0.6897526501766784,857,0.3028268551236749,0.9,0.39,0.55,0.55,0.7,"[[ 769   88]
 [1183  790]]"
legit+phonee+zeroe-typo,legit+phonee+zeroe-typo,0.5,toxic,Yes,507,0.17915194346289753,1874,0.662190812720848,0.21,0.77,0.33,0.43,0.62,"[[ 840  116]
 [1483  391]]"
legit+phonee+zeroe-typo,legit+phonee+zeroe-typo,0.5,toxic,No,2323,0.8208480565371025,956,0.33780918727915193,0.88,0.36,0.51,0.43,0.62,"[[ 840  116]
 [1483  391]]"
legit+phonee+zeroe-typo,legit+phonee+zeroe-typo,0.75,hateful,Yes,553,0.19540636042402826,1555,0.549469964664311,0.32,0.89,0.46,0.6,0.75,"[[1212   63]
 [1065  490]]"
legit+phonee+zeroe-typo,legit+phonee+zeroe-typo,0.75,hateful,No,2277,0.8045936395759717,1275,0.450530035335689,0.95,0.53,0.68,0.6,0.75,"[[1212   63]
 [1065  490]]"
legit+phonee+zeroe-typo,legit+phonee+zeroe-typo,0.75,offensive,Yes,878,0.3102473498233215,2207,0.7798586572438162,0.37,0.94,0.54,0.49,0.68,"[[ 571   52]
 [1381  826]]"
legit+phonee+zeroe-typo,legit+phonee+zeroe-typo,0.75,offensive,No,1952,0.6897526501766784,623,0.22014134275618374,0.92,0.29,0.44,0.49,0.68,"[[ 571   52]
 [1381  826]]"
legit+phonee+zeroe-typo,legit+phonee+zeroe-typo,0.75,toxic,Yes,507,0.17915194346289753,2012,0.7109540636042403,0.2,0.79,0.32,0.39,0.61,"[[ 711  107]
 [1612  400]]"
legit+phonee+zeroe-typo,legit+phonee+zeroe-typo,0.75,toxic,No,2323,0.8208480565371025,818,0.2890459363957597,0.87,0.31,0.45,0.39,0.61,"[[ 711  107]
 [1612  400]]"
legit+phonee+zeroe-typo,legit+phonee+zeroe-typo,1.0,hateful,Yes,553,0.19540636042402826,1509,0.5332155477031802,0.31,0.85,0.46,0.6,0.73,"[[1239   82]
 [1038  471]]"
legit+phonee+zeroe-typo,legit+phonee+zeroe-typo,1.0,hateful,No,2277,0.8045936395759717,1321,0.4667844522968198,0.94,0.54,0.69,0.6,0.73,"[[1239   82]
 [1038  471]]"
legit+phonee+zeroe-typo,legit+phonee+zeroe-typo,1.0,offensive,Yes,878,0.3102473498233215,2312,0.8169611307420495,0.36,0.94,0.52,0.46,0.65,"[[ 469   49]
 [1483  829]]"
legit+phonee+zeroe-typo,legit+phonee+zeroe-typo,1.0,offensive,No,1952,0.6897526501766784,518,0.18303886925795054,0.91,0.24,0.38,0.46,0.65,"[[ 469   49]
 [1483  829]]"
legit+phonee+zeroe-typo,legit+phonee+zeroe-typo,1.0,toxic,Yes,507,0.17915194346289753,2090,0.7385159010600707,0.2,0.81,0.32,0.37,0.61,"[[ 643   97]
 [1680  410]]"
legit+phonee+zeroe-typo,legit+phonee+zeroe-typo,1.0,toxic,No,2323,0.8208480565371025,740,0.26148409893992935,0.87,0.28,0.42,0.37,0.61,"[[ 643   97]
 [1680  410]]"
legit+phonee+zeroe-typo,legit-recovery-replace,0.25,hateful,Yes,553,0.19540636042402826,976,0.3448763250883392,0.41,0.72,0.52,0.74,0.77,"[[1699  155]
 [ 578  398]]"
legit+phonee+zeroe-typo,legit-recovery-replace,0.25,hateful,No,2277,0.8045936395759717,1854,0.6551236749116608,0.92,0.75,0.82,0.74,0.77,"[[1699  155]
 [ 578  398]]"
legit+phonee+zeroe-typo,legit-recovery-replace,0.25,offensive,Yes,878,0.3102473498233215,1056,0.37314487632508836,0.55,0.66,0.6,0.73,0.8,"[[1475  299]
 [ 477  579]]"
legit+phonee+zeroe-typo,legit-recovery-replace,0.25,offensive,No,1952,0.6897526501766784,1774,0.6268551236749117,0.83,0.76,0.79,0.73,0.8,"[[1475  299]
 [ 477  579]]"
legit+phonee+zeroe-typo,legit-recovery-replace,0.25,toxic,Yes,507,0.17915194346289753,1379,0.4872791519434629,0.3,0.82,0.44,0.63,0.73,"[[1361   90]
 [ 962  417]]"
legit+phonee+zeroe-typo,legit-recovery-replace,0.25,toxic,No,2323,0.8208480565371025,1451,0.5127208480565371,0.94,0.59,0.72,0.63,0.73,"[[1361   90]
 [ 962  417]]"
legit+phonee+zeroe-typo,legit-recovery-replace,0.5,hateful,Yes,553,0.19540636042402826,1033,0.36501766784452294,0.39,0.72,0.5,0.72,0.75,"[[1642  155]
 [ 635  398]]"
legit+phonee+zeroe-typo,legit-recovery-replace,0.5,hateful,No,2277,0.8045936395759717,1797,0.6349823321554771,0.91,0.72,0.81,0.72,0.75,"[[1642  155]
 [ 635  398]]"
legit+phonee+zeroe-typo,legit-recovery-replace,0.5,offensive,Yes,878,0.3102473498233215,1322,0.46713780918727915,0.49,0.74,0.59,0.68,0.77,"[[1279  229]
 [ 673  649]]"
legit+phonee+zeroe-typo,legit-recovery-replace,0.5,offensive,No,1952,0.6897526501766784,1508,0.5328621908127208,0.85,0.66,0.74,0.68,0.77,"[[1279  229]
 [ 673  649]]"
legit+phonee+zeroe-typo,legit-recovery-replace,0.5,toxic,Yes,507,0.17915194346289753,1639,0.5791519434628976,0.27,0.88,0.42,0.56,0.7,"[[1130   61]
 [1193  446]]"
legit+phonee+zeroe-typo,legit-recovery-replace,0.5,toxic,No,2323,0.8208480565371025,1191,0.4208480565371025,0.95,0.49,0.64,0.56,0.7,"[[1130   61]
 [1193  446]]"
legit+phonee+zeroe-typo,legit-recovery-replace,0.75,hateful,Yes,553,0.19540636042402826,1010,0.3568904593639576,0.4,0.73,0.51,0.73,0.75,"[[1668  152]
 [ 609  401]]"
legit+phonee+zeroe-typo,legit-recovery-replace,0.75,hateful,No,2277,0.8045936395759717,1820,0.6431095406360424,0.92,0.73,0.81,0.73,0.75,"[[1668  152]
 [ 609  401]]"
legit+phonee+zeroe-typo,legit-recovery-replace,0.75,offensive,Yes,878,0.3102473498233215,1513,0.5346289752650176,0.46,0.8,0.59,0.65,0.76,"[[1142  175]
 [ 810  703]]"
legit+phonee+zeroe-typo,legit-recovery-replace,0.75,offensive,No,1952,0.6897526501766784,1317,0.4653710247349823,0.87,0.59,0.7,0.65,0.76,"[[1142  175]
 [ 810  703]]"
legit+phonee+zeroe-typo,legit-recovery-replace,0.75,toxic,Yes,507,0.17915194346289753,1777,0.6279151943462897,0.25,0.89,0.39,0.51,0.68,"[[ 995   58]
 [1328  449]]"
legit+phonee+zeroe-typo,legit-recovery-replace,0.75,toxic,No,2323,0.8208480565371025,1053,0.37208480565371027,0.94,0.43,0.59,0.51,0.68,"[[ 995   58]
 [1328  449]]"
legit+phonee+zeroe-typo,legit-recovery-replace,1.0,hateful,Yes,553,0.1954754330151997,1006,0.3556026864616472,0.39,0.72,0.51,0.73,0.74,"[[1667  156]
 [ 609  397]]"
legit+phonee+zeroe-typo,legit-recovery-replace,1.0,hateful,No,2276,0.8045245669848002,1823,0.6443973135383527,0.91,0.73,0.81,0.73,0.74,"[[1667  156]
 [ 609  397]]"
legit+phonee+zeroe-typo,legit-recovery-replace,1.0,offensive,Yes,877,0.3100035348179569,1593,0.5630965005302226,0.45,0.81,0.58,0.63,0.75,"[[1070  166]
 [ 882  711]]"
legit+phonee+zeroe-typo,legit-recovery-replace,1.0,offensive,No,1952,0.6899964651820432,1236,0.4369034994697773,0.87,0.55,0.67,0.63,0.75,"[[1070  166]
 [ 882  711]]"
legit+phonee+zeroe-typo,legit-recovery-replace,1.0,toxic,Yes,507,0.1792152704135737,1813,0.6408624955814776,0.25,0.89,0.39,0.5,0.67,"[[ 960   56]
 [1362  451]]"
legit+phonee+zeroe-typo,legit-recovery-replace,1.0,toxic,No,2322,0.8207847295864263,1016,0.35913750441852244,0.94,0.41,0.58,0.5,0.67,"[[ 960   56]
 [1362  451]]"
legit+phonee+zeroe-typo+zeroshot,0,750.0,hateful,Yes,0,0.0,0,0.0,0.0,0.0,0.0,1.0,,[[1]]
legit+phonee+zeroe-typo+zeroshot,0,750.0,hateful,No,1,1.0,1,1.0,1.0,1.0,1.0,1.0,,[[1]]
legit+phonee+zeroe-typo+zeroshot,0,750.0,offensive,Yes,0,0.0,1,1.0,0.0,0.0,0.0,0.0,,"[[0 0]
 [1 0]]"
legit+phonee+zeroe-typo+zeroshot,0,750.0,offensive,No,1,1.0,0,0.0,0.0,0.0,0.0,0.0,,"[[0 0]
 [1 0]]"
legit+phonee+zeroe-typo+zeroshot,0,750.0,toxic,Yes,0,0.0,1,1.0,0.0,0.0,0.0,0.0,,"[[0 0]
 [1 0]]"
legit+phonee+zeroe-typo+zeroshot,0,750.0,toxic,No,1,1.0,0,0.0,0.0,0.0,0.0,0.0,,"[[0 0]
 [1 0]]"
replicate,zeroshot,0.0,hateful,Yes,553,0.19540636042402826,621,0.21943462897526503,0.45,0.5,0.47,0.78,0.71,"[[1933  276]
 [ 344  277]]"
replicate,zeroshot,0.0,hateful,No,2277,0.8045936395759717,2209,0.780565371024735,0.88,0.85,0.86,0.78,0.71,"[[1933  276]
 [ 344  277]]"
replicate,zeroshot,0.0,offensive,Yes,878,0.3102473498233215,998,0.3526501766784452,0.58,0.66,0.62,0.75,0.81,"[[1534  298]
 [ 418  580]]"
replicate,zeroshot,0.0,offensive,No,1952,0.6897526501766784,1832,0.6473498233215548,0.84,0.79,0.81,0.75,0.81,"[[1534  298]
 [ 418  580]]"
replicate,zeroshot,0.0,toxic,Yes,507,0.17915194346289753,980,0.3462897526501767,0.36,0.69,0.47,0.72,0.76,"[[1693  157]
 [ 630  350]]"
replicate,zeroshot,0.0,toxic,No,2323,0.8208480565371025,1850,0.6537102473498233,0.92,0.73,0.81,0.72,0.76,"[[1693  157]
 [ 630  350]]"
